ID,target
2024-07-01_B09KDR64LT,0.2212857142857141
2024-07-01_B09KDTS4DC,3.5830476190476186
2024-07-01_B09KDTHJ6V,0.9529999999999998
2024-07-01_B09KDQ2BWY,4.4757341269841255
2024-07-01_B09KDYY3SB,10.44
2024-07-01_B09KDNYCYR,0.015
2024-07-01_B09KDN7PYR,0.5216666666666667
2024-07-01_B09KDLQ2GW,7.59
2024-07-01_B0BDRTZTGX,0.19
2024-07-01_B09KDVXTP4,0.06558333333333334
2024-07-01_B09KDPXYG3,-0.006666666666666667
2024-07-01_B09KDW1YKQ,0.02333333333333333
2024-07-01_B09MR36MLJ,-0.30945238095238087
2024-07-01_B09KDZQJ6P,16.664976190476192
2024-07-01_B09MR3Y296,3.5628333333333337
2024-07-01_B09KSXP3HN,38.54
2024-07-01_B09KT5HMNY,4.9936904761904755
2024-07-01_B09KTF8ZDQ,5.568833333333334
2024-07-01_B09KTFXX6L,1.530833333333333
2024-07-01_B09KTJRHC7,18.204309523809524
2024-07-01_B09KTMKDKJ,1.9471309523809524
2024-07-01_B09KTMLQ1N,36.06
2024-07-01_B09MR2FY5D,14.36
2024-07-01_B09MR2MLZH,21.5725
2024-07-01_B09MR4B13C,23.885
2024-07-01_B09KDXJJ6W,0.6761666666666666
2024-07-01_B09KSYL73R,13.48
2024-07-01_B0B31VFJ6Q,11.0
2024-07-01_B09MR4G722,1.477476190476191
2024-07-01_B09MR3RSW8,3.2728968253968254
2024-07-01_B0B31SM3ZR,0.05
2024-07-01_B0B31R1ZBV,1.068214285714286
2024-07-01_B09X1JTK49,-0.2666872294372294
2024-07-01_B09X1HV1NL,13.1
2024-07-01_B09X1H629F,0.6090238095238096
2024-07-01_B09X1F1L26,1.831333333333333
2024-07-01_B09X1F8C23,30.31
2024-07-01_B09X1DHRLN,0.2565039682539682
2024-07-01_B09MR5WS3Y,0.14029551004551002
2024-07-01_B09MR56Q9N,0.3504761904761905
2024-07-01_B0B31T1XMH,0.8268809523809526
2024-07-01_B09MR4Z3H8,2.7627619047619048
2024-07-01_B09MR4Z3H9,8.98431746031746
2024-07-01_B0B31V3PKG,0.968309523809524
2024-07-01_B0B31VTH56,1.2169404761904763
2024-07-01_B0B31Y1FDZ,12.62
2024-07-01_B0B699PLXD,10.92
2024-07-01_B0B69B8R3C,0.39302380952380944
2024-07-01_B0B69C4GST,0.6839642857142857
2024-07-01_B0B69DD2C7,3.1350357142857144
2024-07-01_B0B69DK8JN,0.3496666666666667
2024-07-01_B0B69FBGN1,1.8166681096681097
2024-07-01_B0B69G3YRM,0.710952380952381
2024-07-01_B0B69GN5KJ,0.9562619047619045
2024-07-01_B0B69SF1BT,3.2431071428571427
2024-07-01_B0BDRQWBK9,0.04
2024-07-01_B09MR3XT5G,77.96
2024-07-01_B09X1FWK8Z,0.16742857142857143
2024-07-01_B0CY5QQ49F,5.8655
2024-07-01_B0BNKZYHRX,0.27
2024-07-01_B0BRCXJ1F6,0.41
2024-07-01_B0BGDWGRQB,0.0
2024-07-01_B0BGDX2Z3L,19.02
2024-07-01_B0BGDXM13S,0.0
2024-07-01_B0BGDXV7FD,1.3025
2024-07-01_B0BGDZLDX2,0.0
2024-07-01_B0BNKXC5H1,0.07333333333333333
2024-07-01_B0BNKY8RQN,0.97
2024-07-01_B0BNKYZD2Z,0.33
2024-07-01_B0BNKZ88Z5,0.0
2024-07-01_B0BNKZCWFL,0.38
2024-07-01_B0BRCXJRX6,7.73
2024-07-01_B0BG2Z8CY4,1.4135238095238096
2024-07-01_B0BNL5BKMK,0.07
2024-07-01_B0BNL1CG6X,0.0
2024-07-01_B0BRCXCXCV,0.56
2024-07-01_B0BRCW79VK,1.36
2024-07-01_B0BRCW2B64,0.4733333333333333
2024-07-01_B0BNL7TJRT,0.0
2024-07-01_B0BRCXDHBX,10.08
2024-07-01_B0BNL4S6MB,0.01
2024-07-01_B0BNL3YY1C,0.0
2024-07-01_B0BNL3J36Z,0.06
2024-07-01_B0BNL4L4K5,0.01
2024-07-01_B0BDRS6R5Z,0.02
2024-07-01_B0BNL11QD8,0.0
2024-07-01_B0BSLTZV4Z,6.07
2024-07-01_B0BNKZ9BJR,-0.07459523809523809
2024-07-01_B0BG2T78CJ,2.0508888888888888
2024-07-01_B0BRCXQMS5,0.43
2024-07-01_B0C9JLKFPZ,0.18
2024-07-01_B0BRCXQRC9,2.55
2024-07-01_B0BRCXXBG2,5.93
2024-07-01_B0BRCY8QMH,3.94
2024-07-01_B0BRCYJ33N,5.11
2024-07-01_B0BRCYJ4SR,0.26
2024-07-01_B0BRCYK4JK,9.0
2024-07-01_B0BRCYQNSW,26.99
2024-07-01_B0BRCYV77T,4.16
2024-07-01_B0BRDCBGFD,-0.5487857142857142
2024-07-01_B0BRDCJWJC,4.851333333333333
2024-07-01_B0BSLTV9FL,0.06
2024-07-01_B0BSLWJKSX,1.1115000000000002
2024-07-01_B0BG2PD396,12.291333333333334
2024-07-01_B0CY5LR4VX,16.323
2024-07-01_B0CFV6V981,1.016047619047619
2024-07-01_B0CY5KFQBD,4.1080000000000005
2024-07-01_B0CR4C98FS,3.2155
2024-07-01_B0CR4C5WXS,3.3555
2024-07-01_B0CR4BGLK5,3.3455
2024-07-01_B0CR4BK4FW,2.0180000000000002
2024-07-01_B0CR49NR3B,3.3755
2024-07-01_B0CR49N6MQ,4.03
2024-07-01_B0CR49BQRS,3.2355
2024-07-01_B0CQVLFPBQ,1.836047619047619
2024-07-01_B0BRCXP7VN,5.17
2024-07-01_B0CR4BG4ZW,5.99
2024-07-02_B09KDTHJ6V,0.7806031746031746
2024-07-02_B09KDW1YKQ,0.03
2024-07-02_B09KDVXTP4,1.3713333333333333
2024-07-02_B09KDTS4DC,26.78936538461538
2024-07-02_B09KDR64LT,0.010666666666666666
2024-07-02_B09KDZQJ6P,12.389019841269842
2024-07-02_B09KDPXYG3,0.31702380952380954
2024-07-02_B09KDNYCYR,0.4623333333333333
2024-07-02_B09KDN7PYR,0.505
2024-07-02_B0BDRTZTGX,0.22
2024-07-02_B09KDXJJ6W,1.364424603174603
2024-07-02_B09KDQ2BWY,3.10512554112554
2024-07-02_B09KDYY3SB,5.01
2024-07-02_B09KTJRHC7,31.90595238095238
2024-07-02_B09MR3Y296,3.1919999999999997
2024-07-02_B09KSYL73R,12.84
2024-07-02_B09KT5HMNY,9.18236904761905
2024-07-02_B09KTF8ZDQ,12.459571428571428
2024-07-02_B09KTFXX6L,4.697468253968254
2024-07-02_B09KTMKDKJ,5.151976190476192
2024-07-02_B09KTMLQ1N,26.47
2024-07-02_B09MR2FY5D,15.56
2024-07-02_B09MR2MLZH,17.055726190476193
2024-07-02_B09MR36MLJ,-0.30234523809523806
2024-07-02_B09MR3RSW8,6.347865079365081
2024-07-02_B09MR3XT5G,107.13
2024-07-02_B09KSXP3HN,48.6
2024-07-02_B09MR4B13C,23.38
2024-07-02_B09X1F8C23,28.81
2024-07-02_B09MR4Z3H8,2.686666666666666
2024-07-02_B0B31R1ZBV,5.380083333333332
2024-07-02_B09X1JTK49,0.6593809523809524
2024-07-02_B09X1HV1NL,13.28
2024-07-02_B09X1H629F,0.1416666666666667
2024-07-02_B09X1FWK8Z,0.2972222222222223
2024-07-02_B09X1DHRLN,0.2031168831168831
2024-07-02_B09X1F1L26,3.25
2024-07-02_B09MR5WS3Y,0.005690476190476191
2024-07-02_B09MR56Q9N,0.033702380952380956
2024-07-02_B09MR4Z3H9,15.269999999999998
2024-07-02_B0B31T1XMH,1.8100494227994233
2024-07-02_B0B31SM3ZR,0.2672063492063492
2024-07-02_B09KDLQ2GW,1.18
2024-07-02_B0B69SF1BT,3.4844999999999997
2024-07-02_B0B31VFJ6Q,-0.6493809523809523
2024-07-02_B0B31VTH56,0.6224404761904763
2024-07-02_B0B31Y1FDZ,4.29
2024-07-02_B0B699PLXD,7.87
2024-07-02_B0B69B8R3C,1.8746666666666667
2024-07-02_B0B69C4GST,0.6288852813852813
2024-07-02_B0B69DD2C7,3.5064166666666665
2024-07-02_B0B69DK8JN,2.2435992063492067
2024-07-02_B0B69FBGN1,0.495
2024-07-02_B0B69G3YRM,0.8736666666666667
2024-07-02_B0B69GN5KJ,0.9262619047619046
2024-07-02_B09MR4G722,0.15333333333333335
2024-07-02_B0B31V3PKG,1.6832380952380952
2024-07-02_B0BDRQWBK9,0.0
2024-07-02_B0BG2PD396,15.519333333333334
2024-07-02_B0BSLWJKSX,0.8616666666666668
2024-07-02_B0BG2T78CJ,1.3675
2024-07-02_B0BG2Z8CY4,0.37916666666666665
2024-07-02_B0BGDWGRQB,0.0
2024-07-02_B0BGDX2Z3L,89.39
2024-07-02_B0BGDXM13S,-0.020555555555555553
2024-07-02_B0BGDXV7FD,-0.3525
2024-07-02_B0BGDZLDX2,-0.2616031746031745
2024-07-02_B0BNKY8RQN,0.95
2024-07-02_B0BNKYZD2Z,0.12
2024-07-02_B0BNKZ88Z5,0.0
2024-07-02_B0BNKZ9BJR,0.0
2024-07-02_B0BNKZCWFL,0.94
2024-07-02_B0BNKZYHRX,0.02
2024-07-02_B0BNKXC5H1,0.43833333333333335
2024-07-02_B0BNL7TJRT,0.0
2024-07-02_B0BNL1CG6X,0.0
2024-07-02_B0BRCXDHBX,9.89
2024-07-02_B0BRCXCXCV,0.33
2024-07-02_B0BRCW79VK,1.73
2024-07-02_B0BRCW2B64,0.89
2024-07-02_B0BRCXJ1F6,0.57
2024-07-02_B0BNL5BKMK,0.02
2024-07-02_B0BNL4L4K5,0.01
2024-07-02_B0BNL3YY1C,0.0
2024-07-02_B0BNL3J36Z,0.0
2024-07-02_B0BDRS6R5Z,0.0
2024-07-02_B0BNL11QD8,0.01
2024-07-02_B0BRCXJRX6,9.06
2024-07-02_B0BNL4S6MB,0.01
2024-07-02_B0BRCXQMS5,5.37
2024-07-02_B0CY5QQ49F,20.7525
2024-07-02_B0BRCXXBG2,5.93
2024-07-02_B0BRCY8QMH,3.94
2024-07-02_B0BRCYJ33N,2.82
2024-07-02_B0BRCYJ4SR,0.26
2024-07-02_B0BRCYK4JK,3.64
2024-07-02_B0BRCYQNSW,64.56
2024-07-02_B0BRCYV77T,3.1260000000000003
2024-07-02_B0BRDCBGFD,0.0
2024-07-02_B0BRDCJWJC,4.581333333333333
2024-07-02_B0BSLTV9FL,0.01
2024-07-02_B0BSLTZV4Z,6.16
2024-07-02_B0C9JLKFPZ,0.7117619047619047
2024-07-02_B0BRCXQRC9,3.14
2024-07-02_B0CFV6V981,13.40461904761905
2024-07-02_B0BRCXP7VN,5.17
2024-07-02_B0CY5LR4VX,2.95
2024-07-02_B0CY5KFQBD,5.209166666666667
2024-07-02_B0CR4C98FS,3.28
2024-07-02_B0CR4BK4FW,12.784166666666668
2024-07-02_B0CR4C5WXS,11.936785714285715
2024-07-02_B0CR4BG4ZW,9.4
2024-07-02_B0CR49NR3B,11.936785714285715
2024-07-02_B0CR49N6MQ,13.21461904761905
2024-07-02_B0CR49BQRS,11.876785714285715
2024-07-02_B0CQVLFPBQ,14.57407142857143
2024-07-02_B0CR4BGLK5,11.936785714285715
2024-07-03_B09KDVXTP4,0.3068373015873016
2024-07-03_B09KDXJJ6W,0.6305873015873015
2024-07-03_B09KDW1YKQ,0.03
2024-07-03_B09KDTS4DC,28.497
2024-07-03_B09KDN7PYR,7.207357142857141
2024-07-03_B09KDR64LT,0.21300865800865798
2024-07-03_B09KDQ2BWY,6.730428571428572
2024-07-03_B09KDPXYG3,-0.5588095238095238
2024-07-03_B09KDNYCYR,0.02090151515151515
2024-07-03_B09KDTHJ6V,3.3116428571428576
2024-07-03_B09KDYY3SB,5.68
2024-07-03_B09KTF8ZDQ,35.68705952380952
2024-07-03_B09KDZQJ6P,12.417833333333332
2024-07-03_B09KSXP3HN,-0.003571428571428572
2024-07-03_B09KSYL73R,18.54
2024-07-03_B09KT5HMNY,9.45225
2024-07-03_B09KTFXX6L,2.0212546897546897
2024-07-03_B09KTJRHC7,31.529059523809522
2024-07-03_B09KTMKDKJ,10.63376984126984
2024-07-03_B09KTMLQ1N,24.57
2024-07-03_B09MR2FY5D,7.95
2024-07-03_B09MR2MLZH,26.620984126984126
2024-07-03_B09MR36MLJ,-0.030833333333333334
2024-07-03_B09MR3XT5G,69.95
2024-07-03_B09KDLQ2GW,3.58
2024-07-03_B09MR3Y296,3.211333333333334
2024-07-03_B0B31VFJ6Q,5.52
2024-07-03_B09MR4G722,1.6520476190476188
2024-07-03_B09MR3RSW8,13.522976190476191
2024-07-03_B09X1F1L26,-0.36
2024-07-03_B0B31SM3ZR,3.8625000000000007
2024-07-03_B0B31R1ZBV,6.920333333333333
2024-07-03_B09X1JTK49,0.5228333333333334
2024-07-03_B09X1HV1NL,31.59
2024-07-03_B09X1F8C23,26.75
2024-07-03_B09MR4Z3H8,2.388
2024-07-03_B09MR5WS3Y,0.1349523809523809
2024-07-03_B09MR5Q6HJ,0.27830952380952373
2024-07-03_B09MR56Q9N,3.039333333333334
2024-07-03_B09MR4Z3H9,13.082
2024-07-03_B0B31T1XMH,1.3321025641025637
2024-07-03_B0B69B8R3C,0.7558333333333331
2024-07-03_B0B31VTH56,3.467714285714286
2024-07-03_B0B31Y1FDZ,9.24
2024-07-03_B0B699PLXD,8.1
2024-07-03_B09MR4B13C,27.14
2024-07-03_B0B69C4GST,0.6564090909090909
2024-07-03_B0B69DD2C7,0.7463333333333334
2024-07-03_B0B69DK8JN,0.024857142857142852
2024-07-03_B0B69FBGN1,1.038
2024-07-03_B0B69GN5KJ,0.4382619047619047
2024-07-03_B0B69SF1BT,4.363166666666666
2024-07-03_B0BDRQWBK9,0.0
2024-07-03_B0BDRTZTGX,0.23
2024-07-03_B0BDRS6R5Z,0.0
2024-07-03_B0B31V3PKG,2.076380952380953
2024-07-03_B0BG2PD396,15.146666666666665
2024-07-03_B0BNKZKGFG,0.3
2024-07-03_B0BRCXDHBX,9.89
2024-07-03_B0BG2T78CJ,1.818
2024-07-03_B0BG2Z8CY4,1.3282142857142858
2024-07-03_B0BGDWGRQB,0.0
2024-07-03_B0BGDX2Z3L,-2.85
2024-07-03_B0BGDXM13S,0.0
2024-07-03_B0BGDXV7FD,-0.36583333333333334
2024-07-03_B0BGDZLDX2,0.0
2024-07-03_B0BNKYZD2Z,0.28
2024-07-03_B0BNKZ88Z5,0.01
2024-07-03_B0BNKZ9BJR,-0.17833333333333332
2024-07-03_B0BNKZCWFL,1.0
2024-07-03_B0BNL43XHH,0.0
2024-07-03_B0BNKXC5H1,0.15928571428571428
2024-07-03_B0BNL11QD8,0.0
2024-07-03_B0BNL4Y2J9,0.0
2024-07-03_B0BRCW79VK,1.76
2024-07-03_B0BRCW2B64,1.54
2024-07-03_B0BNL7TJRT,0.0
2024-07-03_B0BNL5BKMK,0.02
2024-07-03_B0BRCXCXCV,0.46
2024-07-03_B0BNL4S6MB,0.029333333333333336
2024-07-03_B0BNL3RDG4,0.20833333333333331
2024-07-03_B0BNL3J36Z,0.01
2024-07-03_B0BRCXJ1F6,0.68
2024-07-03_B0BRDCJWJC,4.053333333333334
2024-07-03_B0CFV6V981,15.523666666666667
2024-07-03_B0BG2QXQ9V,2.12
2024-07-03_B0BRCXJRX6,10.17
2024-07-03_B0BRCXQMS5,12.56
2024-07-03_B0BRCXQRC9,9.61
2024-07-03_B0BRCXSTKW,0.0
2024-07-03_B0BRCXXBG2,6.06
2024-07-03_B0BRCY8QMH,3.94
2024-07-03_B0BRCYJ33N,7.0
2024-07-03_B0BRCXP7VN,5.26
2024-07-03_B0BRCYK4JK,1.73
2024-07-03_B0BRCYQNSW,14.22
2024-07-03_B0BRCYV77T,4.52
2024-07-03_B0BRDCBGFD,0.0
2024-07-03_B0BRCYJ4SR,0.03
2024-07-03_B0C9JLKFPZ,2.11
2024-07-03_B0BSLWJKSX,0.6466666666666667
2024-07-03_B0CY5LR4VX,15.923666666666668
2024-07-03_B0CY5KFQBD,24.49
2024-07-03_B0CR4C98FS,24.315
2024-07-03_B0CR4C5WXS,16.08366666666667
2024-07-03_B0CY5QQ49F,15.943666666666667
2024-07-03_B0CR4BGLK5,16.05366666666667
2024-07-03_B0CR4BG4ZW,10.35
2024-07-03_B0CR49NR3B,24.305
2024-07-03_B0CR49N6MQ,15.923666666666668
2024-07-03_B0CR49BQRS,16.063666666666666
2024-07-03_B0CR4BK4FW,1.218
2024-07-04_B09KDW1YKQ,0.6
2024-07-04_B09KDVXTP4,1.3542380952380955
2024-07-04_B09KDTS4DC,4.07897619047619
2024-07-04_B09KDTHJ6V,2.0191010101010103
2024-07-04_B09KDPXYG3,-0.07
2024-07-04_B09KDQ2BWY,4.85709126984127
2024-07-04_B09KDNYCYR,-0.005
2024-07-04_B09KDN7PYR,0.17
2024-07-04_B09MR3Y296,4.040666666666666
2024-07-04_B09KDR64LT,0.0075
2024-07-04_B09KDXJJ6W,1.2499761904761906
2024-07-04_B09MR36MLJ,-0.011666666666666667
2024-07-04_B09KDZQJ6P,8.466484126984128
2024-07-04_B09KSXP3HN,38.04
2024-07-04_B09KSYL73R,11.93
2024-07-04_B09KT5HMNY,13.026666666666667
2024-07-04_B09KTF8ZDQ,15.076619047619044
2024-07-04_B09KTFXX6L,3.29145238095238
2024-07-04_B09KTJRHC7,19.784547619047615
2024-07-04_B09KTMKDKJ,2.1771428571428575
2024-07-04_B09KTMLQ1N,39.74
2024-07-04_B09MR2FY5D,20.13
2024-07-04_B09MR2MLZH,8.418571428571427
2024-07-04_B09MR4B13C,22.919333333333334
2024-07-04_B09KDYY3SB,3.43
2024-07-04_B09KDLQ2GW,7.21
2024-07-04_B0B69C4GST,0.6634404761904762
2024-07-04_B0BDRS6R5Z,0.01
2024-07-04_B09MR3RSW8,2.331428571428571
2024-07-04_B09X1F8C23,22.11
2024-07-04_B0B31T1XMH,0.7232142857142856
2024-07-04_B0B31SM3ZR,3.162924603174602
2024-07-04_B0B31R1ZBV,4.021484487734487
2024-07-04_B09X1JTK49,0.3460555555555556
2024-07-04_B09X1HV1NL,0.3
2024-07-04_B09MR4Z3H9,5.759011904761902
2024-07-04_B09X1F1L26,1.2633333333333334
2024-07-04_B09MR5WS3Y,1.0005039682539685
2024-07-04_B09MR5Q6HJ,0.5863888888888887
2024-07-04_B09MR56Q9N,4.206
2024-07-04_B0B31VFJ6Q,3.584722222222222
2024-07-04_B0B31V3PKG,1.932595238095238
2024-07-04_B0B31VTH56,3.9998892496392493
2024-07-04_B0B31Y1FDZ,7.87
2024-07-04_B0B699PLXD,8.1
2024-07-04_B0B69B8R3C,0.29125
2024-07-04_B09MR4G722,0.8895714285714286
2024-07-04_B0B69DD2C7,0.08083333333333333
2024-07-04_B0B69DK8JN,0.0
2024-07-04_B0B69FBGN1,1.368801587301587
2024-07-04_B0B69GN5KJ,0.11133333333333334
2024-07-04_B0B69SF1BT,4.5263333333333335
2024-07-04_B0BDRQWBK9,0.0
2024-07-04_B09MR4Z3H8,6.4275
2024-07-04_B09MR3XT5G,73.32
2024-07-04_B0BDRTZTGX,0.0
2024-07-04_B0BG2PD396,12.875
2024-07-04_B0BRCXJRX6,10.03
2024-07-04_B0BNL11QD8,0.0
2024-07-04_B0BRCXJ1F6,0.5908333333333333
2024-07-04_B0BGDWGRQB,0.0
2024-07-04_B0BGDX2Z3L,-0.9415
2024-07-04_B0BGDXM13S,0.0
2024-07-04_B0BGDXV7FD,1.1308333333333334
2024-07-04_B0BGDZLDX2,0.0
2024-07-04_B0BNKXC5H1,0.13954761904761903
2024-07-04_B0BNKYZD2Z,0.33
2024-07-04_B0BNKZ88Z5,0.0
2024-07-04_B0BNKZ9BJR,0.0
2024-07-04_B0BNKZCWFL,1.1166666666666665
2024-07-04_B0BNKZKGFG,0.3
2024-07-04_B0BG2Z8CY4,2.0897222222222225
2024-07-04_B0BNL3J36Z,0.0
2024-07-04_B0BNL5BKMK,0.08
2024-07-04_B0BRCXDHBX,9.46
2024-07-04_B0BRCXCXCV,2.84
2024-07-04_B0BRCW79VK,1.12
2024-07-04_B0BNL7TJRT,0.0
2024-07-04_B0BRCW2B64,4.32
2024-07-04_B0BNL4Y2J9,0.0
2024-07-04_B0BNL4S6MB,0.0
2024-07-04_B0BNL43XHH,0.0
2024-07-04_B0BSLWJKSX,0.78
2024-07-04_B0BRCXQMS5,5.12
2024-07-04_B0BNL3RDG4,0.21
2024-07-04_B0CY5QQ49F,5.18
2024-07-04_B0BG2QXQ9V,2.09
2024-07-04_B0BRCXP7VN,3.2
2024-07-04_B0BRCXQRC9,14.45
2024-07-04_B0BRCXSTKW,0.0
2024-07-04_B0BRCXXBG2,6.61
2024-07-04_B0BRCY8QMH,4.02
2024-07-04_B0BRCYJ33N,2.98
2024-07-04_B0BG2T78CJ,1.3041666666666665
2024-07-04_B0BRCYK4JK,1.8353095238095238
2024-07-04_B0BRCYQNSW,23.93
2024-07-04_B0BRCYV77T,4.83
2024-07-04_B0BRDCBGFD,-0.02
2024-07-04_B0BRCYJ4SR,0.03
2024-07-04_B0C9JLKFPZ,4.26
2024-07-04_B0BRDCJWJC,2.66
2024-07-04_B0CY5KFQBD,10.113976190476192
2024-07-04_B0CR4C98FS,10.103976190476192
2024-07-04_B0CR4C5WXS,10.103976190476192
2024-07-04_B0CR4BK4FW,28.71
2024-07-04_B0CY5LR4VX,10.113976190476192
2024-07-04_B0CR4BG4ZW,2.4864761904761905
2024-07-04_B0CR49NR3B,10.283976190476192
2024-07-04_B0CR49N6MQ,2.2539761904761906
2024-07-04_B0CR49BQRS,10.103976190476192
2024-07-04_B0CFV6V981,10.183976190476193
2024-07-04_B0CR4BGLK5,4.46
2024-07-05_B09KDW1YKQ,0.0
2024-07-05_B09KDVXTP4,0.20244696969696968
2024-07-05_B09KDTS4DC,4.7803571428571425
2024-07-05_B09KDTHJ6V,0.360494089244089
2024-07-05_B09KDPXYG3,0.0
2024-07-05_B09KDQ2BWY,1.4254999999999993
2024-07-05_B0BG2PD396,11.738333333333335
2024-07-05_B09KDN7PYR,0.9184444444444445
2024-07-05_B09MR3Y296,1.5736825396825396
2024-07-05_B09KDR64LT,0.24652813852813843
2024-07-05_B09KDXJJ6W,2.834126984126984
2024-07-05_B09MR36MLJ,0.0
2024-07-05_B09KDZQJ6P,10.769880952380952
2024-07-05_B09KSXP3HN,37.03
2024-07-05_B09KSYL73R,15.18
2024-07-05_B09KT5HMNY,5.331173160173162
2024-07-05_B09KTF8ZDQ,6.934406204906203
2024-07-05_B09KTFXX6L,29.99
2024-07-05_B09KTJRHC7,15.035492063492065
2024-07-05_B09KTMKDKJ,3.976308441558441
2024-07-05_B09KTMLQ1N,104.64
2024-07-05_B09MR2FY5D,41.42
2024-07-05_B09MR2MLZH,7.161179292929296
2024-07-05_B09MR4B13C,25.72
2024-07-05_B09KDYY3SB,5.95
2024-07-05_B09KDNYCYR,0.1819682539682539
2024-07-05_B0BDRS6R5Z,0.0
2024-07-05_B09MR4G722,1.174781746031746
2024-07-05_B09MR3RSW8,0.645563492063492
2024-07-05_B09X1F8C23,24.89
2024-07-05_B0B31T1XMH,0.12955844155844157
2024-07-05_B0B31SM3ZR,1.2223015873015874
2024-07-05_B0B31R1ZBV,3.4222777777777775
2024-07-05_B09X1JTK49,1.1475714285714285
2024-07-05_B09X1HV1NL,0.16
2024-07-05_B09MR5WS3Y,0.7681132756132754
2024-07-05_B09X1F1L26,5.157809523809524
2024-07-05_B0B31VFJ6Q,4.86
2024-07-05_B09MR5Q6HJ,0.23546933621933622
2024-07-05_B09MR56Q9N,6.09
2024-07-05_B09MR4Z3H9,2.370636363636363
2024-07-05_B0B31V3PKG,0.5346785714285714
2024-07-05_B0B31VTH56,1.0884047619047623
2024-07-05_B0B31Y1FDZ,14.13
2024-07-05_B0B699PLXD,10.19
2024-07-05_B0B69B8R3C,0.6705
2024-07-05_B0B69C4GST,0.3850476190476191
2024-07-05_B0B69DD2C7,1.2040238095238094
2024-07-05_B0B69DK8JN,0.1
2024-07-05_B0B69FBGN1,0.6834166666666667
2024-07-05_B09KDLQ2GW,1.02932215007215
2024-07-05_B0B69SF1BT,4.626833333333334
2024-07-05_B0BDRQWBK9,0.02
2024-07-05_B09MR4Z3H8,12.22
2024-07-05_B09MR3XT5G,80.28
2024-07-05_B0BRCXSTKW,0.0
2024-07-05_B0B69GN5KJ,0.07642857142857143
2024-07-05_B0BRCXJRX6,5.56
2024-07-05_B0BNL11QD8,0.0
2024-07-05_B0BRCXJ1F6,0.6191666666666666
2024-07-05_B0BGDWGRQB,0.0
2024-07-05_B0BGDX2Z3L,18.9
2024-07-05_B0BGDXM13S,0.0
2024-07-05_B0BGDXV7FD,1.8083809523809526
2024-07-05_B0BGDZLDX2,0.0
2024-07-05_B0BNKXC5H1,0.14715476190476193
2024-07-05_B0BNKYZD2Z,0.08
2024-07-05_B0BNKZ88Z5,0.04
2024-07-05_B0BNKZ9BJR,0.0
2024-07-05_B0BNKZCWFL,1.4166666666666665
2024-07-05_B0BNKZKGFG,0.3
2024-07-05_B0BG2Z8CY4,0.4515714285714287
2024-07-05_B0BNL3J36Z,0.0
2024-07-05_B0BNL5BKMK,0.03
2024-07-05_B0BRCXDHBX,9.51
2024-07-05_B0BRCXCXCV,0.45
2024-07-05_B0BRCW79VK,1.37
2024-07-05_B0BNL7TJRT,0.0
2024-07-05_B0BRCW2B64,-0.03
2024-07-05_B0BNL4Y2J9,0.0
2024-07-05_B0BDRTZTGX,0.0
2024-07-05_B0BNL43XHH,0.0
2024-07-05_B0BSLWJKSX,0.85
2024-07-05_B0BRCXQMS5,0.26
2024-07-05_B0BNL4S6MB,0.0
2024-07-05_B0CY5QQ49F,5.57
2024-07-05_B0BG2T78CJ,1.9799761904761906
2024-07-05_B0BRCXP7VN,2.39
2024-07-05_B0BRCXQRC9,11.77
2024-07-05_B0BNL3RDG4,0.2
2024-07-05_B0BRCXXBG2,6.92
2024-07-05_B0BRCY8QMH,1.9
2024-07-05_B0BRCYJ33N,4.47
2024-07-05_B0BRCYJ4SR,0.03
2024-07-05_B0BRCYK4JK,15.27
2024-07-05_B0BRCYQNSW,29.63
2024-07-05_B0BRCYV77T,2.88
2024-07-05_B0BRDCBGFD,-0.01
2024-07-05_B0BG2QXQ9V,3.47
2024-07-05_B0C9JLKFPZ,0.08
2024-07-05_B0CY5LR4VX,3.025690476190475
2024-07-05_B0CY5KFQBD,9.818666666666667
2024-07-05_B0CR4C98FS,2.78
2024-07-05_B0BRDCJWJC,2.205
2024-07-05_B0CR4BK4FW,2.0783333333333336
2024-07-05_B0CR4C5WXS,9.868666666666666
2024-07-05_B0CR4BG4ZW,3.1203571428571424
2024-07-05_B0CR49NR3B,9.878666666666668
2024-07-05_B0CR49N6MQ,2.859023809523809
2024-07-05_B0CR49BQRS,2.2453333333333334
2024-07-05_B0CFV6V981,3.57
2024-07-05_B0CR4BGLK5,9.838666666666667
2024-07-06_B09KDVXTP4,0.47163888888888894
2024-07-06_B09KDTS4DC,9.031376984126984
2024-07-06_B09KDTHJ6V,1.1022773892773894
2024-07-06_B09KDR64LT,0.16427525252525246
2024-07-06_B0B69GN5KJ,0.013333333333333332
2024-07-06_B09KDPXYG3,0.0
2024-07-06_B09KDNYCYR,0.214063492063492
2024-07-06_B09KDN7PYR,-0.007611111111111111
2024-07-06_B09KDLQ2GW,0.49367063492063484
2024-07-06_B09KDQ2BWY,4.876214285714286
2024-07-06_B09KDW1YKQ,0.0
2024-07-06_B09KTF8ZDQ,4.326665223665224
2024-07-06_B09KDYY3SB,13.8
2024-07-06_B09KSXP3HN,40.82
2024-07-06_B09KSYL73R,20.17
2024-07-06_B09KT5HMNY,15.990853535353535
2024-07-06_B09KTFXX6L,20.93
2024-07-06_B09KTJRHC7,14.238452380952383
2024-07-06_B09KTMKDKJ,0.4061904761904762
2024-07-06_B09KTMLQ1N,96.78
2024-07-06_B09MR2FY5D,5.64
2024-07-06_B09MR2MLZH,11.445015873015873
2024-07-06_B09MR36MLJ,0.0
2024-07-06_B09KDXJJ6W,1.0344880952380953
2024-07-06_B09MR3RSW8,1.524972222222222
2024-07-06_B0B31R1ZBV,5.215063492063492
2024-07-06_B09MR3Y296,5.039357142857141
2024-07-06_B09X1HV1NL,0.34
2024-07-06_B09MR4B13C,24.38
2024-07-06_B09MR4G722,1.0409523809523806
2024-07-06_B09MR4Z3H8,2.5269444444444447
2024-07-06_B09MR4Z3H9,5.2631428571428565
2024-07-06_B09MR56Q9N,3.73
2024-07-06_B09MR5Q6HJ,0.004
2024-07-06_B09MR5WS3Y,0.0
2024-07-06_B09X1DHRLN,0.26033030694795406
2024-07-06_B09X1F1L26,1.0775000000000001
2024-07-06_B09X1F8C23,26.14
2024-07-06_B0B69DD2C7,3.5079761904761906
2024-07-06_B09X1JTK49,0.4596626984126983
2024-07-06_B0B31SM3ZR,0.21017857142857144
2024-07-06_B0B31T1XMH,0.7774949494949495
2024-07-06_B0B31V3PKG,0.920309523809524
2024-07-06_B0B31VFJ6Q,3.325277777777777
2024-07-06_B0B31VTH56,0.406501443001443
2024-07-06_B0B31Y1FDZ,11.92
2024-07-06_B0B699PLXD,11.27
2024-07-06_B0B69B8R3C,1.1696666666666666
2024-07-06_B0B69C4GST,0.7036666666666666
2024-07-06_B09MR3XT5G,75.76
2024-07-06_B09KDZQJ6P,10.542095238095238
2024-07-06_B0B69DK8JN,0.8246666666666667
2024-07-06_B0B69SF1BT,5.08
2024-07-06_B0BRCXQRC9,11.46
2024-07-06_B0BRCXP7VN,2.75
2024-07-06_B0BDRQWBK9,0.02
2024-07-06_B0BDRTZTGX,0.0
2024-07-06_B0BG2PD396,12.913333333333334
2024-07-06_B0BG2T78CJ,0.4796666666666667
2024-07-06_B0BG2VYWSG,5.904666666666667
2024-07-06_B0BGDWGRQB,0.0
2024-07-06_B0BGDXM13S,0.0
2024-07-06_B0BGDXV7FD,3.0358095238095233
2024-07-06_B0BGDZLDX2,0.0
2024-07-06_B0BGDX2Z3L,0.797
2024-07-06_B0BNKZ9BJR,0.0
2024-07-06_B0BNL7TJRT,0.0
2024-07-06_B0BRCXDHBX,12.82
2024-07-06_B0BRCXCXCV,0.49333333333333335
2024-07-06_B0BRCW79VK,1.02
2024-07-06_B0BRCW2B64,0.24
2024-07-06_B0BRCXJRX6,7.79
2024-07-06_B0BNL5BKMK,0.07
2024-07-06_B0BNL4Y2J9,0.0
2024-07-06_B0BNL3J36Z,0.01
2024-07-06_B0BNKZCWFL,0.20666666666666664
2024-07-06_B0B69FBGN1,0.37333333333333335
2024-07-06_B0BNKZ88Z5,0.02
2024-07-06_B0BRCXQMS5,6.4
2024-07-06_B0BNKYZD2Z,0.72
2024-07-06_B0BRCXSTKW,0.0
2024-07-06_B0BSLWJKSX,0.72
2024-07-06_B0BRCY8QMH,1.16
2024-07-06_B0BRCYJ33N,5.82
2024-07-06_B0BRCYJ4SR,0.03
2024-07-06_B0BRCYK4JK,3.79
2024-07-06_B0BRCYQNSW,27.05
2024-07-06_B0BRCYV77T,5.24
2024-07-06_B0BRDCBGFD,0.0
2024-07-06_B0BRDCJWJC,2.3956666666666666
2024-07-06_B0BSLTV9FL,0.05
2024-07-06_B0C9JLKFPZ,0.6207640692640691
2024-07-06_B0CFV6V981,4.883829365079364
2024-07-06_B0BRCXXBG2,6.76
2024-07-06_B0CR49N6MQ,6.107460317460317
2024-07-06_B0CR49NR3B,6.157460317460317
2024-07-06_B0CR4BG4ZW,4.883829365079364
2024-07-06_B0CR4BGLK5,6.147460317460317
2024-07-06_B0CR4BK4FW,3.747
2024-07-06_B0CR4C5WXS,6.107460317460317
2024-07-06_B0CR4C98FS,6.097460317460317
2024-07-06_B0CY5KFQBD,6.117460317460317
2024-07-06_B0CY5LR4VX,4.883829365079364
2024-07-06_B0CY5QQ49F,4.883829365079364
2024-07-06_B0CR49BQRS,6.077460317460317
2024-07-07_B09MR36MLJ,0.025
2024-07-07_B09KDVXTP4,0.044000000000000004
2024-07-07_B09KDTS4DC,8.525261904761905
2024-07-07_B09KDTHJ6V,1.0191807359307359
2024-07-07_B09KDR64LT,0.199281746031746
2024-07-07_B0B69GN5KJ,0.013333333333333332
2024-07-07_B09KDPXYG3,0.0
2024-07-07_B09KDNYCYR,-0.29415295815295806
2024-07-07_B09KDN7PYR,-0.0014285714285714286
2024-07-07_B09KDW1YKQ,0.0
2024-07-07_B09KDQ2BWY,4.147261904761906
2024-07-07_B09KDXJJ6W,2.89883621933622
2024-07-07_B09KT5HMNY,9.310714285714283
2024-07-07_B09KDZQJ6P,12.463376984126983
2024-07-07_B09KSXP3HN,55.63
2024-07-07_B09KSYL73R,20.42
2024-07-07_B09MR2MLZH,12.49696675546676
2024-07-07_B09KTF8ZDQ,6.485060855810857
2024-07-07_B09KTFXX6L,7.8
2024-07-07_B09KTJRHC7,16.958480158730158
2024-07-07_B09KTMKDKJ,1.8484890387390382
2024-07-07_B09KTMLQ1N,99.07
2024-07-07_B09MR2FY5D,3.99
2024-07-07_B09KDYY3SB,5.34
2024-07-07_B09MR3RSW8,0.389
2024-07-07_B09MR4B13C,38.46
2024-07-07_B09MR3Y296,5.078880952380953
2024-07-07_B09X1JTK49,0.2438015873015872
2024-07-07_B09MR4G722,1.2407182539682544
2024-07-07_B09MR4Z3H8,5.583468253968254
2024-07-07_B09MR4Z3H9,3.6017380952380944
2024-07-07_B09MR56Q9N,5.35
2024-07-07_B09MR5Q6HJ,1.0717460317460317
2024-07-07_B09MR5WS3Y,0.32258216783216764
2024-07-07_B09X1DHRLN,0.337905308743544
2024-07-07_B09X1F1L26,3.12
2024-07-07_B09X1F8C23,27.1
2024-07-07_B09X1HV1NL,0.31
2024-07-07_B0B31VTH56,-0.398234126984127
2024-07-07_B0B31R1ZBV,4.28572619047619
2024-07-07_B0B31SM3ZR,2.8954873737373736
2024-07-07_B0B31T1XMH,0.5489126984126983
2024-07-07_B0B31V3PKG,0.44451190476190466
2024-07-07_B09MR3XT5G,77.89
2024-07-07_B0B31Y1FDZ,10.14
2024-07-07_B0B699PLXD,7.68
2024-07-07_B0B69B8R3C,0.8426666666666668
2024-07-07_B0B69C4GST,1.6470555555555555
2024-07-07_B0B69DD2C7,4.441063492063493
2024-07-07_B0B69DK8JN,4.264928571428572
2024-07-07_B09KDLQ2GW,0.16410714285714284
2024-07-07_B0B69FBGN1,0.7866666666666667
2024-07-07_B0BRCYV77T,5.02
2024-07-07_B0B69SF1BT,7.314500000000001
2024-07-07_B0BDRTZTGX,0.0
2024-07-07_B0BG2PD396,14.705
2024-07-07_B0BG2T78CJ,0.9643809523809524
2024-07-07_B0BG2VYWSG,5.471666666666667
2024-07-07_B0BGDWGRQB,0.0
2024-07-07_B0BGDX2Z3L,-0.265
2024-07-07_B0BDRQWBK9,0.0
2024-07-07_B0BGDXV7FD,1.88
2024-07-07_B0BGDZLDX2,0.0
2024-07-07_B0BNKYZD2Z,0.03
2024-07-07_B0BGDXM13S,0.0
2024-07-07_B0BNKZ9BJR,0.0
2024-07-07_B0BRCW2B64,0.15
2024-07-07_B0BNKZCWFL,0.44133333333333336
2024-07-07_B0BRCXDHBX,12.92
2024-07-07_B0BRCXCXCV,0.12
2024-07-07_B0BRCW79VK,1.13
2024-07-07_B0BRCXJRX6,5.56
2024-07-07_B0BNL7TJRT,0.0
2024-07-07_B0BNL5BKMK,0.02
2024-07-07_B0BNL4Y2J9,0.0
2024-07-07_B0BNL3J36Z,0.17
2024-07-07_B0B31VFJ6Q,2.0845
2024-07-07_B0BNKZ88Z5,0.16
2024-07-07_B0BRCXQMS5,5.14
2024-07-07_B0BRCXP7VN,1.83
2024-07-07_B0BRCXSTKW,0.0
2024-07-07_B0BRCXQRC9,3.2
2024-07-07_B0BRCXXBG2,6.76
2024-07-07_B0BRCY8QMH,1.16
2024-07-07_B0BRCYJ33N,4.7
2024-07-07_B0BRCYJ4SR,0.06
2024-07-07_B0BRCYK4JK,1.0875
2024-07-07_B0CY5QQ49F,4.557749999999999
2024-07-07_B0BRDCBGFD,-0.36171645021645
2024-07-07_B0BRDCJWJC,3.67
2024-07-07_B0BSLTV9FL,0.02
2024-07-07_B0BSLWJKSX,1.43
2024-07-07_B0BRCYQNSW,47.25
2024-07-07_B0CFV6V981,3.6536428571428563
2024-07-07_B0CR49BQRS,7.159833333333333
2024-07-07_B0CR49N6MQ,4.294499999999998
2024-07-07_B0CR49NR3B,7.299833333333334
2024-07-07_B0CR4BG4ZW,4.557749999999999
2024-07-07_B0CR4BGLK5,7.1498333333333335
2024-07-07_B0CR4BK4FW,6.15
2024-07-07_B0CR4C5WXS,7.199833333333333
2024-07-07_B0CR4C98FS,7.219833333333334
2024-07-07_B0CY5KFQBD,7.119833333333333
2024-07-07_B0C9JLKFPZ,0.01380952380952381
2024-07-07_B0CY5LR4VX,8.6
2024-07-08_B09KDTHJ6V,0.9529999999999998
2024-07-08_B09KDR64LT,0.2212857142857141
2024-07-08_B09KDQ2BWY,4.4757341269841255
2024-07-08_B09KDPXYG3,-0.006666666666666667
2024-07-08_B09MR36MLJ,-0.30945238095238087
2024-07-08_B09KDN7PYR,0.5216666666666667
2024-07-08_B0B69SF1BT,3.2431071428571427
2024-07-08_B09KDLQ2GW,0.2907063492063492
2024-07-08_B09KDNYCYR,0.015
2024-07-08_B09KDTS4DC,3.5830476190476186
2024-07-08_B09KTMLQ1N,102.36
2024-07-08_B09KDW1YKQ,0.02333333333333333
2024-07-08_B09KDXJJ6W,0.6761666666666666
2024-07-08_B09KDYY3SB,5.77
2024-07-08_B09KDZQJ6P,16.774976190476192
2024-07-08_B09KSYL73R,15.62
2024-07-08_B09KT5HMNY,4.9936904761904755
2024-07-08_B09KTF8ZDQ,5.568833333333334
2024-07-08_B09KTFXX6L,13.51
2024-07-08_B09KTJRHC7,18.76383333333333
2024-07-08_B09MR3RSW8,3.2728968253968254
2024-07-08_B09KDVXTP4,0.06558333333333334
2024-07-08_B09KTMKDKJ,0.8887976190476191
2024-07-08_B09X1HV1NL,0.06
2024-07-08_B0B69FBGN1,1.8166681096681097
2024-07-08_B09MR2FY5D,14.94
2024-07-08_B09MR56Q9N,2.873333333333333
2024-07-08_B09X1DHRLN,0.2565039682539682
2024-07-08_B09MR5WS3Y,0.14029551004551002
2024-07-08_B09MR5Q6HJ,0.8369523809523808
2024-07-08_B09MR4G722,1.477476190476191
2024-07-08_B09MR4Z3H9,8.98431746031746
2024-07-08_B09MR4Z3H8,4.65
2024-07-08_B09X1F8C23,10.39
2024-07-08_B09MR4B13C,20.88404761904762
2024-07-08_B09MR3Y296,0.3455
2024-07-08_B09X1F1L26,3.3184285714285715
2024-07-08_B09X1JTK49,-0.2666872294372294
2024-07-08_B0B31R1ZBV,1.068214285714286
2024-07-08_B09MR3XT5G,45.13
2024-07-08_B0B31V3PKG,0.968309523809524
2024-07-08_B0B31VFJ6Q,5.57
2024-07-08_B0B31Y1FDZ,5.361666666666666
2024-07-08_B0B699PLXD,10.92
2024-07-08_B0B69C4GST,0.6839642857142857
2024-07-08_B0B69DD2C7,3.1350357142857144
2024-07-08_B0B69DK8JN,0.3496666666666667
2024-07-08_B0B31T1XMH,0.8268809523809526
2024-07-08_B09KSXP3HN,42.51
2024-07-08_B0BDRQWBK9,0.01
2024-07-08_B0BGDZLDX2,0.0
2024-07-08_B0BNKZ9BJR,-0.07459523809523809
2024-07-08_B0BRCXP7VN,5.17
2024-07-08_B0BG2Z8CY4,1.4135238095238096
2024-07-08_B0BGDWGRQB,0.0
2024-07-08_B0BGDX2Z3L,-2.803809523809524
2024-07-08_B0BGDXM13S,0.0
2024-07-08_B0BGDXV7FD,1.3475
2024-07-08_B0BNKYZD2Z,0.28
2024-07-08_B0BNKZ88Z5,0.02
2024-07-08_B0BDRTZTGX,0.19
2024-07-08_B0BNL13PNY,0.8166666666666665
2024-07-08_B0BRCW2B64,0.4733333333333333
2024-07-08_B0BRCXDHBX,10.08
2024-07-08_B0BRCXCXCV,0.63
2024-07-08_B0BRCW79VK,1.79
2024-07-08_B0BRCXJRX6,6.06
2024-07-08_B0BNL5BKMK,0.12
2024-07-08_B0BNL4Y2J9,0.0
2024-07-08_B0BNL4CB4X,0.01
2024-07-08_B0B69GN5KJ,0.9562619047619045
2024-07-08_B0BNL3J36Z,0.03
2024-07-08_B0BRCXQMS5,9.97
2024-07-08_B0CFV6V981,1.836047619047619
2024-07-08_B0BG2PD396,12.291333333333334
2024-07-08_B0BDRS6R5Z,0.02
2024-07-08_B0CR49BQRS,3.2355
2024-07-08_B0BRCXXBG2,5.93
2024-07-08_B0BRCY8QMH,3.94
2024-07-08_B0BRCYJ33N,9.95
2024-07-08_B0BRCYJ4SR,0.26
2024-07-08_B0BRCYK4JK,28.81
2024-07-08_B0BRCYQNSW,42.4
2024-07-08_B0BRCYV77T,11.97
2024-07-08_B0BRCXSTKW,0.0
2024-07-08_B0BRDCJWJC,4.851333333333333
2024-07-08_B0C9JLKFPZ,2.32
2024-07-08_B0CR49N6MQ,1.657333333333333
2024-07-08_B0BRDCBGFD,-0.5487857142857142
2024-07-08_B0CR49NR3B,3.2355
2024-07-08_B0CY5QQ49F,1.8735476190476188
2024-07-08_B0BRCXQRC9,3.86
2024-07-08_B0CY5KFQBD,3.31
2024-07-08_B0CR4C98FS,3.4555000000000002
2024-07-08_B0CY5LR4VX,13.64
2024-07-08_B0CR4BK4FW,6.1754999999999995
2024-07-08_B0CR4BGLK5,3.1255
2024-07-08_B0CR4BG4ZW,7.17
2024-07-08_B0CR4C5WXS,3.0955
2024-07-09_B09KDTS4DC,26.78936538461538
2024-07-09_B0BDRS6R5Z,0.0
2024-07-09_B09KDLQ2GW,0.4893333333333333
2024-07-09_B09KDN7PYR,0.505
2024-07-09_B09KDNYCYR,0.4623333333333333
2024-07-09_B09KDQ2BWY,3.10512554112554
2024-07-09_B09KDR64LT,0.010666666666666666
2024-07-09_B09KDXJJ6W,1.364424603174603
2024-07-09_B09KDTHJ6V,0.7806031746031746
2024-07-09_B09KDVXTP4,1.3713333333333333
2024-07-09_B09MR2FY5D,6.27
2024-07-09_B09KDYY3SB,1.5292698412698413
2024-07-09_B09MR36MLJ,-0.30234523809523806
2024-07-09_B09KSXP3HN,32.14
2024-07-09_B09KT5HMNY,9.18236904761905
2024-07-09_B09KTF8ZDQ,12.459571428571428
2024-07-09_B09KTFXX6L,13.61
2024-07-09_B09KTJRHC7,29.099285714285717
2024-07-09_B09KTMKDKJ,5.245993145743147
2024-07-09_B09KTMLQ1N,44.78
2024-07-09_B09MR3RSW8,6.347865079365081
2024-07-09_B09KDW1YKQ,0.03
2024-07-09_B09KDZQJ6P,9.67901984126984
2024-07-09_B09X1JTK49,0.6593809523809524
2024-07-09_B09MR3XT5G,53.36
2024-07-09_B09MR4G722,0.15333333333333335
2024-07-09_B09MR4Z3H8,5.8026904761904765
2024-07-09_B09MR4Z3H9,15.269999999999998
2024-07-09_B09MR56Q9N,2.9320000000000004
2024-07-09_B09MR5WS3Y,0.005690476190476191
2024-07-09_B09X1DHRLN,0.2031168831168831
2024-07-09_B09X1F1L26,2.928
2024-07-09_B09X1F8C23,-1.5049999999999997
2024-07-09_B09X1HV1NL,0.21
2024-07-09_B09MR4B13C,8.956333333333333
2024-07-09_B0B31VFJ6Q,11.23
2024-07-09_B0B31R1ZBV,5.380083333333332
2024-07-09_B0B31SM3ZR,0.2672063492063492
2024-07-09_B0B31T1XMH,1.8100494227994233
2024-07-09_B0B31V3PKG,1.6832380952380952
2024-07-09_B0B31Y1FDZ,8.304738095238095
2024-07-09_B0B699PLXD,7.87
2024-07-09_B0B69C4GST,0.6288852813852813
2024-07-09_B0B69DD2C7,3.5064166666666665
2024-07-09_B0B69DK8JN,2.2435992063492067
2024-07-09_B0B69N4B1S,0.01
2024-07-09_B09MR3Y296,-0.048
2024-07-09_B09MR2MLZH,17.055726190476193
2024-07-09_B09KSYL73R,2.151607142857143
2024-07-09_B0BNKYZD2Z,0.08
2024-07-09_B0BNL13PNY,0.2525
2024-07-09_B0BRCXP7VN,5.17
2024-07-09_B0BG2T78CJ,1.3675
2024-07-09_B0BGDWGRQB,0.0
2024-07-09_B0BGDX2Z3L,-8.876476190476192
2024-07-09_B0BGDXM13S,-0.020555555555555553
2024-07-09_B0BGDXV7FD,1.7691666666666666
2024-07-09_B0BGDZLDX2,-0.2616031746031745
2024-07-09_B0BNKZ88Z5,0.03
2024-07-09_B0BNKZ9BJR,0.0
2024-07-09_B0BRCXQMS5,1.33
2024-07-09_B0BG2PD396,15.519333333333334
2024-07-09_B0BNL3RDG4,0.20833333333333331
2024-07-09_B0BRCXJRX6,11.16
2024-07-09_B0BNL4Y2J9,0.0
2024-07-09_B0BNL5BKMK,0.02
2024-07-09_B0BRCW2B64,0.89
2024-07-09_B0BRCW79VK,1.26
2024-07-09_B0BRCXCXCV,0.33
2024-07-09_B0BRCXDHBX,9.89
2024-07-09_B0BNL3J36Z,0.0
2024-07-09_B0BDRQWBK9,0.0
2024-07-09_B0BNL1CG6X,0.0
2024-07-09_B0CY5QQ49F,13.344619047619052
2024-07-09_B0BNKZBJX2,0.11
2024-07-09_B0CY5LR4VX,12.23
2024-07-09_B0BRCXSTKW,0.0
2024-07-09_B0BDRTZTGX,0.0
2024-07-09_B0BRCXQRC9,6.81
2024-07-09_B0BRCXXBG2,5.93
2024-07-09_B0BRCY8QMH,3.94
2024-07-09_B0BRCYJ33N,4.54
2024-07-09_B0BRCYJ4SR,0.26
2024-07-09_B0BRCYQNSW,-0.24
2024-07-09_B0BRCYV77T,3.1660000000000004
2024-07-09_B0BRDCBGFD,0.0
2024-07-09_B0BRDCJWJC,4.581333333333333
2024-07-09_B0BRCYK4JK,1.8983333333333334
2024-07-09_B0CY5KFQBD,2.15
2024-07-09_B0CFV6V981,14.57407142857143
2024-07-09_B0CR49BQRS,11.976785714285716
2024-07-09_B0CR49N6MQ,3.76
2024-07-09_B0CR49NR3B,11.906785714285716
2024-07-09_B0CR4BG4ZW,14.57407142857143
2024-07-09_B0CR4BGLK5,11.876785714285715
2024-07-09_B0CR4BK4FW,13.794166666666667
2024-07-09_B0CR4C5WXS,11.946785714285715
2024-07-09_B0CR4C98FS,11.916785714285716
2024-07-09_B0C9JLKFPZ,0.664642857142857
2024-07-10_B09KDTS4DC,28.497
2024-07-10_B09KDTHJ6V,3.3116428571428576
2024-07-10_B09KDR64LT,0.21300865800865798
2024-07-10_B09KDQ2BWY,6.730428571428572
2024-07-10_B09KDPXYG3,-0.5588095238095238
2024-07-10_B09MR3Y296,-0.02866666666666668
2024-07-10_B09KDN7PYR,7.207357142857141
2024-07-10_B0BDRQWBK9,0.0
2024-07-10_B09MR3XT5G,58.93
2024-07-10_B09KDVXTP4,0.3068373015873016
2024-07-10_B09KDNYCYR,0.02090151515151515
2024-07-10_B09KDW1YKQ,0.03
2024-07-10_B09MR2FY5D,13.02
2024-07-10_B09KDYY3SB,1.7693333333333334
2024-07-10_B09KDZQJ6P,12.687833333333334
2024-07-10_B09KSXP3HN,48.94
2024-07-10_B09KSYL73R,16.73
2024-07-10_B09KT5HMNY,9.45225
2024-07-10_B09KTF8ZDQ,35.68705952380952
2024-07-10_B09KTFXX6L,8.04
2024-07-10_B09KTJRHC7,10.25
2024-07-10_B09KTMKDKJ,3.994976190476189
2024-07-10_B09KTMLQ1N,37.68
2024-07-10_B09KDLQ2GW,0.8091547619047619
2024-07-10_B09KDXJJ6W,0.6305873015873015
2024-07-10_B09MR4G722,1.6520476190476188
2024-07-10_B09X1HV1NL,0.27
2024-07-10_B0B69GN5KJ,0.4382619047619047
2024-07-10_B09X1F1L26,-0.08
2024-07-10_B0B31R1ZBV,6.920333333333333
2024-07-10_B09X1JTK49,0.5228333333333334
2024-07-10_B09MR36MLJ,-0.030833333333333334
2024-07-10_B09X1FWK8Z,0.05766666666666666
2024-07-10_B09X1F8C23,5.82
2024-07-10_B09MR5WS3Y,0.1349523809523809
2024-07-10_B09X1DHRLN,0.0
2024-07-10_B09MR56Q9N,3.039333333333334
2024-07-10_B09MR4Z3H9,13.082
2024-07-10_B09MR4Z3H8,5.320500000000001
2024-07-10_B0B31T1XMH,1.3321025641025637
2024-07-10_B0B31SM3ZR,3.8625000000000007
2024-07-10_B0B69N4B1S,0.065
2024-07-10_B0B31V3PKG,2.076380952380953
2024-07-10_B0B31VFJ6Q,12.11
2024-07-10_B0B31VTH56,3.467714285714286
2024-07-10_B0B31Y1FDZ,6.37
2024-07-10_B0B699PLXD,8.1
2024-07-10_B0B69B8R3C,0.7558333333333331
2024-07-10_B0B69C4GST,0.6564090909090909
2024-07-10_B0B69DD2C7,0.7463333333333334
2024-07-10_B0B69DK8JN,0.024857142857142852
2024-07-10_B0B69FBGN1,1.038
2024-07-10_B0B69G3YRM,-0.29000000000000004
2024-07-10_B09MR4B13C,8.809238095238095
2024-07-10_B09MR3RSW8,13.522976190476191
2024-07-10_B09MR2MLZH,26.620984126984126
2024-07-10_B0BG2T78CJ,1.818
2024-07-10_B0BNKZCWFL,1.0
2024-07-10_B0BRCXJRX6,9.76
2024-07-10_B0BGDWGRQB,0.0
2024-07-10_B0BGDX2Z3L,-2.85
2024-07-10_B0BGDXM13S,0.0
2024-07-10_B0BGDXV7FD,1.1791666666666667
2024-07-10_B0BGDZLDX2,0.0
2024-07-10_B0BNKYPVM6,0.04
2024-07-10_B0BNKYZD2Z,0.11
2024-07-10_B0BNKZ88Z5,0.0
2024-07-10_B0BNKZ9BJR,-0.17833333333333332
2024-07-10_B0BNKZBJX2,0.28
2024-07-10_B0BG2Z8CY4,1.3282142857142858
2024-07-10_B0BNL11QD8,0.0
2024-07-10_B0BNL5BKMK,0.06
2024-07-10_B0BNL1CG6X,0.0
2024-07-10_B0BRCXCXCV,0.66
2024-07-10_B0BRCW79VK,1.76
2024-07-10_B0BRCW2B64,0.78
2024-07-10_B0BRCXDHBX,9.89
2024-07-10_B0BNL4Y2J9,0.0
2024-07-10_B0BNL4S6MB,0.029333333333333336
2024-07-10_B0BNL4CB4X,0.01
2024-07-10_B0BNL3RDG4,0.20833333333333331
2024-07-10_B0B69SF1BT,4.363166666666666
2024-07-10_B0BRCXP7VN,5.26
2024-07-10_B0CR4C98FS,24.335
2024-07-10_B0BNL3J36Z,0.01
2024-07-10_B0CY5QQ49F,6.31
2024-07-10_B0BRCXQRC9,8.64
2024-07-10_B0BRCXQMS5,5.3
2024-07-10_B0BRCXSTKW,0.0
2024-07-10_B0BRCXXBG2,6.06
2024-07-10_B0BRCY8QMH,3.94
2024-07-10_B0BRCYJ33N,2.25
2024-07-10_B0BRCYJ4SR,0.03
2024-07-10_B0BRCYK4JK,3.21
2024-07-10_B0BRCYQNSW,43.8
2024-07-10_B0BRCYV77T,3.26
2024-07-10_B0BRDCBGFD,0.0
2024-07-10_B0BRDCJWJC,4.053333333333334
2024-07-10_B0BSLWJKSX,0.6466666666666667
2024-07-10_B0BDRTZTGX,0.0
2024-07-10_B0CFV6V981,6.86
2024-07-10_B0C9JLKFPZ,0.4059285714285714
2024-07-10_B0CY5LR4VX,19.2
2024-07-10_B0CY5KFQBD,16.01366666666667
2024-07-10_B0BG2PD396,15.146666666666665
2024-07-10_B0CR4BK4FW,14.03
2024-07-10_B0CR4C5WXS,16.003666666666668
2024-07-10_B0CR4BG4ZW,16.828666666666667
2024-07-10_B0CR49NR3B,15.943666666666667
2024-07-10_B0CR49N6MQ,15.494333333333334
2024-07-10_B0CR49BQRS,15.943666666666667
2024-07-10_B0CQVLFPBQ,17.018666666666665
2024-07-10_B0CR4BGLK5,4.12
2024-07-11_B09KDTHJ6V,2.0191010101010103
2024-07-11_B09KDVXTP4,1.3542380952380955
2024-07-11_B09KDTS4DC,4.07897619047619
2024-07-11_B09KDR64LT,0.0075
2024-07-11_B09MR3XT5G,44.41
2024-07-11_B09KDNYCYR,-0.005
2024-07-11_B09KDN7PYR,0.17
2024-07-11_B09KDLQ2GW,0.5793333333333333
2024-07-11_B0BDRQWBK9,0.0
2024-07-11_B09KDPXYG3,-0.07
2024-07-11_B09KDW1YKQ,0.6
2024-07-11_B09KT5HMNY,13.026666666666667
2024-07-11_B09KDYY3SB,3.49
2024-07-11_B09KDZQJ6P,11.386484126984126
2024-07-11_B09KSXP3HN,42.68
2024-07-11_B09KSYL73R,10.64
2024-07-11_B09KTF8ZDQ,15.076619047619044
2024-07-11_B09KTFXX6L,1.136059523809524
2024-07-11_B09KTJRHC7,7.16
2024-07-11_B09KTMKDKJ,0.72
2024-07-11_B09KTMLQ1N,29.9
2024-07-11_B09MR2FY5D,10.16
2024-07-11_B09MR2MLZH,8.418571428571427
2024-07-11_B09MR3Y296,4.040666666666666
2024-07-11_B09KDXJJ6W,1.2499761904761906
2024-07-11_B09KDQ2BWY,4.85709126984127
2024-07-11_B0B31V3PKG,1.932595238095238
2024-07-11_B09MR36MLJ,-0.011666666666666667
2024-07-11_B09X1F1L26,0.7393333333333334
2024-07-11_B0B31R1ZBV,4.021484487734487
2024-07-11_B09X1JTK49,0.3460555555555556
2024-07-11_B09X1HV1NL,0.3
2024-07-11_B09X1FWK8Z,0.06
2024-07-11_B09X1F8C23,26.22
2024-07-11_B09MR56Q9N,3.73
2024-07-11_B09X1DHRLN,0.0
2024-07-11_B09MR5WS3Y,1.0005039682539685
2024-07-11_B09MR4Z3H8,6.193261904761906
2024-07-11_B09MR4Z3H9,5.759011904761902
2024-07-11_B0B31T1XMH,0.7232142857142856
2024-07-11_B0B31SM3ZR,3.162924603174602
2024-07-11_B0B69FBGN1,1.368801587301587
2024-07-11_B0B31VFJ6Q,11.46
2024-07-11_B0B31VTH56,3.9998892496392493
2024-07-11_B0B31Y1FDZ,12.63
2024-07-11_B0B699PLXD,8.1
2024-07-11_B0B69B8R3C,0.29125
2024-07-11_B0B69C4GST,0.6634404761904762
2024-07-11_B0B69DD2C7,0.08083333333333333
2024-07-11_B0B69DK8JN,0.0
2024-07-11_B0B69G3YRM,0.8690000000000001
2024-07-11_B0B69GN5KJ,0.11133333333333334
2024-07-11_B0B69N4B1S,0.59
2024-07-11_B09MR4G722,0.8895714285714286
2024-07-11_B09MR3RSW8,2.331428571428571
2024-07-11_B09MR4B13C,22.74333333333333
2024-07-11_B0BRCXQMS5,13.55
2024-07-11_B0BNKZCWFL,1.1166666666666665
2024-07-11_B0BRCXDHBX,9.46
2024-07-11_B0BG2T78CJ,1.3041666666666665
2024-07-11_B0BG2Z8CY4,2.0897222222222225
2024-07-11_B0BGDWGRQB,0.0
2024-07-11_B0BGDX2Z3L,-0.9415
2024-07-11_B0BGDXM13S,0.0
2024-07-11_B0BGDXV7FD,1.8508333333333333
2024-07-11_B0BGDZLDX2,0.0
2024-07-11_B0BNKYZD2Z,0.1
2024-07-11_B0BNKZ88Z5,0.0
2024-07-11_B0BNKZ9BJR,0.0
2024-07-11_B0BNKZBJX2,0.24516666666666664
2024-07-11_B0BNKYPVM6,0.01
2024-07-11_B0BNL11QD8,0.0
2024-07-11_B0BNL4S6MB,0.0
2024-07-11_B0BRCW79VK,1.54
2024-07-11_B0BRCW2B64,0.705
2024-07-11_B0BNL5BKMK,0.14
2024-07-11_B0BNL4Y2J9,0.0
2024-07-11_B0BNL4CB4X,0.01
2024-07-11_B0BNL3J36Z,0.0
2024-07-11_B0BNL1CG6X,0.0
2024-07-11_B0BNL3RDG4,0.21
2024-07-11_B0B69SF1BT,4.5263333333333335
2024-07-11_B0BRCXJRX6,10.98
2024-07-11_B0BSLWJKSX,0.78
2024-07-11_B0BRCXCXCV,1.5219642857142857
2024-07-11_B0CY5QQ49F,1.03
2024-07-11_B0BG2PD396,12.875
2024-07-11_B0BDRTZTGX,0.0
2024-07-11_B0BRCXP7VN,3.2
2024-07-11_B0BRCXQRC9,10.83
2024-07-11_B0BRCXXBG2,6.61
2024-07-11_B0BRCY8QMH,4.02
2024-07-11_B0BRCYJ33N,6.35
2024-07-11_B0BRCYJ4SR,0.03
2024-07-11_B0BRCYK4JK,1.77
2024-07-11_B0BRCYQNSW,41.3
2024-07-11_B0BRCYV77T,4.4
2024-07-11_B0BRDCBGFD,-0.02
2024-07-11_B0BRDCJWJC,3.52
2024-07-11_B0BRCXSTKW,0.0
2024-07-11_B0CFV6V981,1.8839761904761907
2024-07-11_B0C9JLKFPZ,0.18400000000000002
2024-07-11_B0CY5KFQBD,1.03
2024-07-11_B0CY5LR4VX,17.6
2024-07-11_B0CR4C5WXS,10.173976190476191
2024-07-11_B0CR4BK4FW,1.03
2024-07-11_B0CR4C98FS,2.51
2024-07-11_B0CR4BG4ZW,2.4864761904761905
2024-07-11_B0CR49NR3B,10.09397619047619
2024-07-11_B0CR49N6MQ,2.2739761904761906
2024-07-11_B0CR49BQRS,2.2539761904761906
2024-07-11_B0CQVLFPBQ,2.4864761904761905
2024-07-11_B0CR4BGLK5,10.123976190476192
2024-07-12_B09KDXJJ6W,2.834126984126984
2024-07-12_B09KDLQ2GW,0.82932215007215
2024-07-12_B0BG2PD396,11.738333333333335
2024-07-12_B09KDNYCYR,0.1819682539682539
2024-07-12_B09KDPXYG3,0.0
2024-07-12_B09KDQ2BWY,1.4254999999999993
2024-07-12_B09KDR64LT,0.24652813852813843
2024-07-12_B09KDTHJ6V,0.360494089244089
2024-07-12_B09KDVXTP4,0.20244696969696968
2024-07-12_B09KDW1YKQ,0.0
2024-07-12_B09KSYL73R,16.73
2024-07-12_B09MR36MLJ,0.0
2024-07-12_B09KDZQJ6P,10.816547619047617
2024-07-12_B09KSXP3HN,32.05
2024-07-12_B09KTF8ZDQ,6.934406204906203
2024-07-12_B09KTFXX6L,8.62
2024-07-12_B09KTJRHC7,8.19
2024-07-12_B09KTMKDKJ,5.7624642857142865
2024-07-12_B09MR3RSW8,0.645563492063492
2024-07-12_B09KTMLQ1N,35.56
2024-07-12_B09KDYY3SB,4.89
2024-07-12_B09KDN7PYR,0.9184444444444445
2024-07-12_B09X1F8C23,21.5
2024-07-12_B09MR3XT5G,38.81233333333333
2024-07-12_B09MR2FY5D,18.74
2024-07-12_B09X1HV1NL,11.62
2024-07-12_B09MR4Z3H8,10.96
2024-07-12_B09MR4B13C,21.93
2024-07-12_B09MR4Z3H9,2.370636363636363
2024-07-12_B09MR56Q9N,3.66
2024-07-12_B09MR5WS3Y,0.7681132756132754
2024-07-12_B09X1DHRLN,0.19299295149295137
2024-07-12_B09X1F1L26,5.027916666666667
2024-07-12_B09MR3Y296,1.5736825396825396
2024-07-12_B09X1FWK8Z,0.34
2024-07-12_B09X1JTK49,1.1475714285714285
2024-07-12_B0B31R1ZBV,3.4222777777777775
2024-07-12_B0B31T1XMH,0.12955844155844157
2024-07-12_B0B31V3PKG,0.5346785714285714
2024-07-12_B0B31VFJ6Q,14.4
2024-07-12_B0B31VTH56,1.0884047619047623
2024-07-12_B0B699PLXD,0.035
2024-07-12_B0B69B8R3C,0.6705
2024-07-12_B0B69FBGN1,0.6834166666666667
2024-07-12_B0B69DK8JN,0.1
2024-07-12_B0BDRTZTGX,0.0
2024-07-12_B0BRCYV77T,3.1
2024-07-12_B0BG2T78CJ,1.9799761904761906
2024-07-12_B0BGDX2Z3L,13.81
2024-07-12_B0BRCXQRC9,14.84
2024-07-12_B0BGDXM13S,0.0
2024-07-12_B0BGDXV7FD,15.97
2024-07-12_B0BGDZLDX2,0.0
2024-07-12_B0BNKY8RQN,0.185
2024-07-12_B0BNKYZD2Z,0.15
2024-07-12_B0BNKZ88Z5,0.01
2024-07-12_B0BNKZCWFL,1.4166666666666665
2024-07-12_B0BNL3J36Z,0.19
2024-07-12_B0BNKYPVM6,0.01
2024-07-12_B0BNL5BKMK,0.0
2024-07-12_B0BNL5HYLR,0.0
2024-07-12_B0BNL5JR7V,0.0
2024-07-12_B0BRCW2B64,0.6808333333333333
2024-07-12_B0BRCW79VK,2.43
2024-07-12_B0BRCXCXCV,0.56
2024-07-12_B0BRCXDHBX,9.51
2024-07-12_B0B31Y1FDZ,3.29
2024-07-12_B0BRCXQMS5,3.9
2024-07-12_B0BNL46Y7W,0.0235
2024-07-12_B0BRCXSTKW,0.0
2024-07-12_B0BRCXJRX6,1.08
2024-07-12_B0BRCY8QMH,1.9
2024-07-12_B0CR49NR3B,9.828666666666667
2024-07-12_B0CR49BQRS,3.73
2024-07-12_B0BRCYK4JK,1.75
2024-07-12_B0BRCYQNSW,53.89
2024-07-12_B0BRDCBGFD,-0.01
2024-07-12_B0BRDCJWJC,3.05
2024-07-12_B0BSLVXHYJ,3.878333333333333
2024-07-12_B0C9JLKFPZ,0.01
2024-07-12_B0CFV6V981,2.10152380952381
2024-07-12_B0CR49N6MQ,9.858666666666666
2024-07-12_B0BRCYJ33N,5.17
2024-07-12_B0CR4BG4ZW,3.1203571428571424
2024-07-12_B0CR4BGLK5,9.858666666666666
2024-07-12_B0CR4BK4FW,2.0783333333333336
2024-07-12_B0CR4C5WXS,9.818666666666667
2024-07-12_B0CR4C98FS,27.75666666666667
2024-07-12_B0CY5KFQBD,5.35
2024-07-12_B0CY5LR4VX,13.4
2024-07-12_B0BGDWGRQB,0.0
2024-07-12_B0CY5QQ49F,2.0783333333333336
2024-07-12_B0BRCXXBG2,6.92
2024-07-13_B09KDVXTP4,0.47163888888888894
2024-07-13_B09KDTHJ6V,1.1022773892773894
2024-07-13_B0BDRTZTGX,0.0
2024-07-13_B09KDQ2BWY,4.876214285714286
2024-07-13_B09KDN7PYR,-0.007611111111111111
2024-07-13_B09KDYY3SB,1.8360277777777783
2024-07-13_B09KDR64LT,0.16427525252525246
2024-07-13_B09KDW1YKQ,0.0
2024-07-13_B09KTF8ZDQ,4.326665223665224
2024-07-13_B09KDZQJ6P,10.588761904761904
2024-07-13_B09MR3XT5G,47.64166666666667
2024-07-13_B09KSXP3HN,40.99
2024-07-13_B09KTFXX6L,16.52
2024-07-13_B09KTJRHC7,12.85
2024-07-13_B09KTMKDKJ,-0.10809523809523812
2024-07-13_B09KTMLQ1N,32.06
2024-07-13_B09MR3Y296,8.425190476190476
2024-07-13_B09MR2FY5D,8.26
2024-07-13_B09KDXJJ6W,1.0344880952380953
2024-07-13_B09KSYL73R,13.69
2024-07-13_B0B31T1XMH,0.7774949494949495
2024-07-13_B0B69FBGN1,0.37333333333333335
2024-07-13_B09MR3RSW8,1.524972222222222
2024-07-13_B09MR4Z3H9,5.2631428571428565
2024-07-13_B0B31R1ZBV,5.215063492063492
2024-07-13_B09MR5WS3Y,0.0
2024-07-13_B09X1F1L26,1.4433333333333331
2024-07-13_B09X1F8C23,16.01
2024-07-13_B09X1FWK8Z,1.3926666666666665
2024-07-13_B09X1HV1NL,10.74
2024-07-13_B09X1JTK49,0.4596626984126983
2024-07-13_B09MR56Q9N,10.85
2024-07-13_B0B31Y1FDZ,9.383976190476194
2024-07-13_B0B31V3PKG,0.920309523809524
2024-07-13_B0B31VFJ6Q,14.78
2024-07-13_B0B699PLXD,0.04033333333333333
2024-07-13_B0B69B8R3C,1.1696666666666666
2024-07-13_B0B69C4GST,0.7036666666666666
2024-07-13_B09KDLQ2GW,8.01
2024-07-13_B0B69DK8JN,0.8246666666666667
2024-07-13_B09MR4B13C,25.04
2024-07-13_B09MR4Z3H8,11.34
2024-07-13_B0B69SF1BT,5.08
2024-07-13_B0BRCYQNSW,60.99
2024-07-13_B0BG2PD396,12.913333333333334
2024-07-13_B0BNL5CJ8G,0.0
2024-07-13_B0BGDWGRQB,0.0
2024-07-13_B0BRCXQMS5,4.76
2024-07-13_B0BGDX2Z3L,0.797
2024-07-13_B0BGDXV7FD,1.845809523809524
2024-07-13_B0BNKY8RQN,0.08666666666666668
2024-07-13_B0BNKYPVM6,0.01
2024-07-13_B0BNL3J36Z,0.01
2024-07-13_B0BRCXQRC9,11.6
2024-07-13_B0BNL5BKMK,0.0
2024-07-13_B0BNL5HYLR,0.0
2024-07-13_B0BRCW79VK,1.27
2024-07-13_B0BRCXP7VN,2.75
2024-07-13_B0BRCXDHBX,12.82
2024-07-13_B0BRCXCXCV,0.3533333333333333
2024-07-13_B0BRCXJRX6,11.05
2024-07-13_B0BRCW2B64,0.24
2024-07-13_B0B69DD2C7,3.5079761904761906
2024-07-13_B0BNKYZD2Z,0.05
2024-07-13_B0CR49BQRS,3.57
2024-07-13_B0BNKZ88Z5,0.0
2024-07-13_B0BG2T78CJ,0.4796666666666667
2024-07-13_B0BRCXXBG2,6.76
2024-07-13_B0BRCYJ33N,3.25
2024-07-13_B0BRCYK4JK,5.3
2024-07-13_B0BNL5JR7V,0.0
2024-07-13_B0BRCYV77T,3.18
2024-07-13_B0BRDCBGFD,0.0
2024-07-13_B0BRDCJWJC,2.3956666666666666
2024-07-13_B0C9JLKFPZ,0.11366666666666667
2024-07-13_B0CFV6V981,2.4548214285714285
2024-07-13_B0CR49N6MQ,2.000710317460318
2024-07-13_B0BSLVXHYJ,3.8186666666666667
2024-07-13_B0CY5LR4VX,10.1
2024-07-13_B0CR4BG4ZW,6.4
2024-07-13_B0CR4BGLK5,1.74
2024-07-13_B0CR4BK4FW,28.483666666666668
2024-07-13_B0CR4C5WXS,6.217460317460317
2024-07-13_B0CR4C98FS,6.117460317460317
2024-07-13_B0CY5KFQBD,4.422996031746031
2024-07-13_B0CR49NR3B,6.107460317460317
2024-07-13_B0CY5QQ49F,6.107460317460317
2024-07-14_B09KDR64LT,0.199281746031746
2024-07-14_B09KDQ2BWY,4.147261904761906
2024-07-14_B09KDPXYG3,0.0
2024-07-14_B09KDYY3SB,2.3129999999999997
2024-07-14_B09KDLQ2GW,0.13410714285714284
2024-07-14_B0BDRTZTGX,0.0
2024-07-14_B09KDTHJ6V,1.0191807359307359
2024-07-14_B09KDN7PYR,-0.0014285714285714286
2024-07-14_B09KDW1YKQ,0.0
2024-07-14_B09MR2MLZH,12.49696675546676
2024-07-14_B09KDZQJ6P,10.411948412698411
2024-07-14_B09MR3RSW8,0.389
2024-07-14_B09KSYL73R,15.06
2024-07-14_B09KTF8ZDQ,6.485060855810857
2024-07-14_B09KTFXX6L,16.8
2024-07-14_B09KTJRHC7,6.363333333333333
2024-07-14_B09KTMKDKJ,-0.8403459595959596
2024-07-14_B09KTMLQ1N,34.83
2024-07-14_B09MR3XT5G,44.197484126984115
2024-07-14_B09KDXJJ6W,2.89883621933622
2024-07-14_B09KSXP3HN,31.87
2024-07-14_B09MR4Z3H9,3.6017380952380944
2024-07-14_B09MR3Y296,8.659547619047618
2024-07-14_B0B31R1ZBV,4.28572619047619
2024-07-14_B09MR36MLJ,0.025
2024-07-14_B09MR56Q9N,5.01
2024-07-14_B09MR5WS3Y,0.32258216783216764
2024-07-14_B09X1DHRLN,0.337905308743544
2024-07-14_B09X1F1L26,0.7594603174603172
2024-07-14_B09X1F8C23,19.48
2024-07-14_B09X1HV1NL,11.85
2024-07-14_B09X1JTK49,0.2438015873015872
2024-07-14_B09MR4B13C,25.631249999999994
2024-07-14_B09MR4Z3H8,5.43
2024-07-14_B0B31SM3ZR,2.8954873737373736
2024-07-14_B0B31T1XMH,0.5489126984126983
2024-07-14_B0B31V3PKG,0.44451190476190466
2024-07-14_B0B31VFJ6Q,8.49
2024-07-14_B0B31VTH56,-0.398234126984127
2024-07-14_B0B31Y1FDZ,6.715166666666667
2024-07-14_B0B699PLXD,0.29871428571428565
2024-07-14_B0B69B8R3C,0.8426666666666668
2024-07-14_B0B69DD2C7,4.441063492063493
2024-07-14_B0B69DK8JN,4.264928571428572
2024-07-14_B0BDRQWBK9,0.0
2024-07-14_B09MR2FY5D,5.8
2024-07-14_B0BG2PD396,14.705
2024-07-14_B0BNL5BKMK,0.05
2024-07-14_B0BRCXQRC9,2.23
2024-07-14_B0BGDXM13S,0.0
2024-07-14_B0BGDXV7FD,3.02
2024-07-14_B0BGDZLDX2,0.0
2024-07-14_B0BNKYPVM6,0.01
2024-07-14_B0BNKYZD2Z,0.03
2024-07-14_B0BNKZ88Z5,0.0
2024-07-14_B0BNKZCWFL,0.44133333333333336
2024-07-14_B0BRCXSTKW,0.0
2024-07-14_B0BGDWGRQB,0.0
2024-07-14_B0BRCXDHBX,12.92
2024-07-14_B0BNL5HYLR,0.0
2024-07-14_B0BRCXP7VN,1.83
2024-07-14_B0BRCXJRX6,10.63
2024-07-14_B0BRCXQMS5,6.5
2024-07-14_B0BRCXCXCV,0.16
2024-07-14_B0BRCW79VK,1.24
2024-07-14_B0BRCW2B64,0.26
2024-07-14_B0BGDX2Z3L,13.93
2024-07-14_B0BNL5CJ8G,0.0
2024-07-14_B0CY5LR4VX,4.328940476190475
2024-07-14_B0BNL3J36Z,0.16
2024-07-14_B0CY5QQ49F,7.129833333333334
2024-07-14_B0BRCY8QMH,1.16
2024-07-14_B0BRCYJ33N,5.87
2024-07-14_B0BRCYJ4SR,0.06
2024-07-14_B0BRCYK4JK,10.44
2024-07-14_B0BRCYQNSW,50.71
2024-07-14_B0BRCYV77T,6.08
2024-07-14_B0BRDCBGFD,-0.36171645021645
2024-07-14_B0BRDCJWJC,3.67
2024-07-14_B0C9JLKFPZ,0.01
2024-07-14_B0CFV6V981,4.557749999999999
2024-07-14_B0CR49BQRS,4.004499999999999
2024-07-14_B0BG2VYWSG,5.471666666666667
2024-07-14_B0BRCXXBG2,6.76
2024-07-14_B0CR49NR3B,7.139833333333334
2024-07-14_B0CR4BG4ZW,4.2094999999999985
2024-07-14_B0CR4BGLK5,7.129833333333334
2024-07-14_B0CR4BK4FW,2.05
2024-07-14_B0CR4C5WXS,7.1098333333333334
2024-07-14_B0CR4C98FS,7.169833333333333
2024-07-14_B0CY5KFQBD,7.329833333333333
2024-07-14_B0CR49N6MQ,3.924499999999999
2024-07-15_B09KDTHJ6V,0.9529999999999998
2024-07-15_B09KDR64LT,0.2212857142857141
2024-07-15_B09KDLQ2GW,1.57
2024-07-15_B09KDQ2BWY,4.4757341269841255
2024-07-15_B09MR3RSW8,3.2728968253968254
2024-07-15_B09KDN7PYR,0.5216666666666667
2024-07-15_B0BDRS6R5Z,0.02
2024-07-15_B09KDTS4DC,3.5830476190476186
2024-07-15_B09KDYY3SB,2.0838888888888896
2024-07-15_B09KDPXYG3,-0.006666666666666667
2024-07-15_B09KDVXTP4,0.06558333333333334
2024-07-15_B09KSYL73R,18.3
2024-07-15_B09KDZQJ6P,11.392476190476188
2024-07-15_B09MR36MLJ,-0.30945238095238087
2024-07-15_B09KSXP3HN,35.73
2024-07-15_B09KT5HMNY,4.9936904761904755
2024-07-15_B09KTF8ZDQ,5.568833333333334
2024-07-15_B09KTFXX6L,11.16
2024-07-15_B09KTJRHC7,7.19
2024-07-15_B09KTMKDKJ,0.9448809523809524
2024-07-15_B09KTMLQ1N,38.55
2024-07-15_B09KDW1YKQ,0.02333333333333333
2024-07-15_B09KDXJJ6W,0.6761666666666666
2024-07-15_B09X1JTK49,-0.2666872294372294
2024-07-15_B09MR3XT5G,52.144642857142856
2024-07-15_B09MR2FY5D,9.33
2024-07-15_B09MR4G722,1.477476190476191
2024-07-15_B09MR4Z3H8,3.3530952380952384
2024-07-15_B09MR56Q9N,3.05
2024-07-15_B09MR5WS3Y,0.14029551004551002
2024-07-15_B09X1DHRLN,0.2565039682539682
2024-07-15_B09X1F1L26,3.3184285714285715
2024-07-15_B09X1F8C23,6.38
2024-07-15_B09X1HV1NL,14.9
2024-07-15_B09MR4Z3H9,8.98431746031746
2024-07-15_B0B31Y1FDZ,5.361666666666666
2024-07-15_B0B31R1ZBV,1.068214285714286
2024-07-15_B0B31T1XMH,0.8268809523809526
2024-07-15_B0B31V3PKG,0.968309523809524
2024-07-15_B0B31VFJ6Q,6.58
2024-07-15_B0B31VTH56,1.2169404761904763
2024-07-15_B0B69B8R3C,0.39302380952380944
2024-07-15_B0B69C4GST,0.6839642857142857
2024-07-15_B0B69DD2C7,3.1350357142857144
2024-07-15_B0B69DK8JN,0.3496666666666667
2024-07-15_B0B69FBGN1,1.8166681096681097
2024-07-15_B09MR3Y296,51.42983333333332
2024-07-15_B09MR2MLZH,21.5725
2024-07-15_B09MR4B13C,12.90654761904762
2024-07-15_B0CR4C98FS,12.633
2024-07-15_B0BNL1MQ48,0.0
2024-07-15_B0BG2VYWSG,3.691666666666667
2024-07-15_B0BGDWGRQB,0.0
2024-07-15_B0BGDX2Z3L,-2.803809523809524
2024-07-15_B0BGDXM13S,0.0
2024-07-15_B0BGDXV7FD,2.754166666666667
2024-07-15_B0BGDZLDX2,0.0
2024-07-15_B0BNKYZD2Z,0.17
2024-07-15_B0BNKZ88Z5,0.0
2024-07-15_B0BNKZCWFL,0.38
2024-07-15_B0BRCXQMS5,5.44
2024-07-15_B0BNKYPVM6,0.06
2024-07-15_B0BRCXJRX6,0.75
2024-07-15_B0BNL3ZV7H,0.0
2024-07-15_B0BRCXDHBX,10.08
2024-07-15_B0BRCXCXCV,0.68
2024-07-15_B0BRCXP7VN,5.17
2024-07-15_B0BNL5BKMK,0.06
2024-07-15_B0BRCW2B64,0.4733333333333333
2024-07-15_B0BNL5HYLR,0.4
2024-07-15_B0BNL5CJ8G,0.0
2024-07-15_B0B69SF1BT,3.2431071428571427
2024-07-15_B0BNL3J36Z,0.0
2024-07-15_B0CY5QQ49F,7.81
2024-07-15_B0BRCW79VK,1.36
2024-07-15_B0BG2PD396,12.291333333333334
2024-07-15_B0BRCXSTKW,0.0
2024-07-15_B0BDRTZTGX,0.15
2024-07-15_B0BRCXQRC9,8.72
2024-07-15_B0BRCXXBG2,5.93
2024-07-15_B0BRCY8QMH,3.94
2024-07-15_B0BRCYJ33N,4.48
2024-07-15_B0BRCYK4JK,1.42
2024-07-15_B0BRCYQNSW,55.96
2024-07-15_B0BRCYV77T,4.24
2024-07-15_B0BRDCBGFD,-0.5487857142857142
2024-07-15_B0BRDCJWJC,4.851333333333333
2024-07-15_B0BRCYJ4SR,0.26
2024-07-15_B0CR4BK4FW,2.138
2024-07-15_B0CFV6V981,1.798
2024-07-15_B0CR49BQRS,1.8735476190476188
2024-07-15_B0CR49N6MQ,3.171333333333333
2024-07-15_B0CR49NR3B,3.2755
2024-07-15_B0CR4BG4ZW,3.1855
2024-07-15_B0CR4BGLK5,3.96
2024-07-15_B0CY5LR4VX,6.82
2024-07-15_B0CR4C5WXS,3.0955
2024-07-15_B0CY5KFQBD,18.768
2024-07-15_B0C9JLKFPZ,0.1
2024-07-16_B09KDTS4DC,26.78936538461538
2024-07-16_B09KSXP3HN,1019.28
2024-07-16_B09KDTHJ6V,0.7806031746031746
2024-07-16_B09KDW1YKQ,0.03
2024-07-16_B09KDVXTP4,1.3713333333333333
2024-07-16_B09KDR64LT,0.010666666666666666
2024-07-16_B09KDLQ2GW,9.14
2024-07-16_B09KDPXYG3,0.31702380952380954
2024-07-16_B09KDNYCYR,0.4623333333333333
2024-07-16_B0BGDXV7FD,18.28
2024-07-16_B09KDXJJ6W,1.364424603174603
2024-07-16_B09KDQ2BWY,3.10512554112554
2024-07-16_B09KDYY3SB,35.27
2024-07-16_B09MR36MLJ,-0.30234523809523806
2024-07-16_B09KSYL73R,67.47
2024-07-16_B09MR4D874,0.0
2024-07-16_B09KT5HMNY,9.18236904761905
2024-07-16_B09KTF8ZDQ,12.459571428571428
2024-07-16_B09KTFXX6L,353.84
2024-07-16_B09KTJRHC7,15.39
2024-07-16_B09KTMKDKJ,1.3588928571428573
2024-07-16_B09KTMLQ1N,768.74
2024-07-16_B09MR2FY5D,25.12
2024-07-16_B09MR2MLZH,17.055726190476193
2024-07-16_B09MR3XT5G,1249.57
2024-07-16_B09MR3Y296,3.1919999999999997
2024-07-16_B09MR4G722,0.15333333333333335
2024-07-16_B09KDZQJ6P,12.389019841269842
2024-07-16_B09KDN7PYR,0.505
2024-07-16_B0B31SM3ZR,0.2672063492063492
2024-07-16_B09MR4Z3H8,19.86
2024-07-16_B09X1JTK49,0.6593809523809524
2024-07-16_B0B31VFJ6Q,140.05
2024-07-16_B0B31T1XMH,1.8100494227994233
2024-07-16_B0B31SVP2Q,0.0
2024-07-16_B09MR4B13C,949.62
2024-07-16_B0B31R1ZBV,5.380083333333332
2024-07-16_B09X1FWK8Z,0.2972222222222223
2024-07-16_B09X1HV1NL,131.51
2024-07-16_B09X1F8C23,330.56
2024-07-16_B09X1F1L26,3.380380952380952
2024-07-16_B09MR56Q9N,16.13
2024-07-16_B09MR5WS3Y,0.005690476190476191
2024-07-16_B0B31Y1FDZ,3.9233333333333333
2024-07-16_B0B31VTH56,0.6224404761904763
2024-07-16_B0BG2T78CJ,1.3675
2024-07-16_B0B699PLXD,0.9583333333333335
2024-07-16_B0B69C4GST,0.6288852813852813
2024-07-16_B0B69DK8JN,2.2435992063492067
2024-07-16_B0B69FBGN1,0.495
2024-07-16_B0B69GN5KJ,0.9262619047619046
2024-07-16_B0B69N4B1S,0.01
2024-07-16_B0B69SF1BT,3.4844999999999997
2024-07-16_B0BDRQWBK9,0.0
2024-07-16_B0BDRS6R5Z,0.0
2024-07-16_B0BDRTZTGX,0.0
2024-07-16_B0BG2PD396,15.519333333333334
2024-07-16_B0BGDWGRQB,0.0
2024-07-16_B09MR4Z3H9,15.269999999999998
2024-07-16_B0BGDX2Z3L,4.366666666666666
2024-07-16_B09MR3RSW8,6.347865079365081
2024-07-16_B0BGDZLDX2,-0.2616031746031745
2024-07-16_B0BNL3J36Z,0.01
2024-07-16_B0BRCXDHBX,9.89
2024-07-16_B0BNKYZD2Z,2.07
2024-07-16_B0BNKZ5BR1,0.145
2024-07-16_B0BNKZBJX2,0.11
2024-07-16_B0BNKZCWFL,0.94
2024-07-16_B0BNKZF51P,0.0
2024-07-16_B0BNL117VT,0.0
2024-07-16_B0BNL11QD8,0.01
2024-07-16_B0BNL13PNY,0.2525
2024-07-16_B0BNL1MQ48,0.0
2024-07-16_B0BNL1RDVC,0.0
2024-07-16_B0BNL1WL6R,0.0
2024-07-16_B0BRCXJRX6,6.4
2024-07-16_B0BNL2VK7L,0.68
2024-07-16_B0BNL3RDG4,0.20833333333333331
2024-07-16_B0BNL5LCM5,0.0
2024-07-16_B0BNL3ZV7H,0.0
2024-07-16_B0BRCW2B64,0.7601904761904763
2024-07-16_B0BNL7TJRT,0.0
2024-07-16_B0BNL6H152,0.0
2024-07-16_B0BRCW79VK,1.32
2024-07-16_B0BNL5HYLR,0.12583333333333332
2024-07-16_B0BNL4Y2J9,0.0
2024-07-16_B0BNL4S7GH,0.09
2024-07-16_B0BNL5CJ8G,0.0
2024-07-16_B0BNKZ88Z5,0.03
2024-07-16_B0BNL5BKMK,0.04
2024-07-16_B0BNKZ9BJR,0.0
2024-07-16_B0CR4C5WXS,14.57407142857143
2024-07-16_B0BRCXCXCV,160.18
2024-07-16_B0CY5QQ49F,37.94
2024-07-16_B0BRCXQMS5,29.39
2024-07-16_B0BRCXP7VN,5.17
2024-07-16_B0BRCXSTKW,0.0
2024-07-16_B0BRCXXBG2,5.93
2024-07-16_B0BRCY8QMH,3.94
2024-07-16_B0BRCYJ33N,34.5
2024-07-16_B0BRCYJ4SR,0.26
2024-07-16_B0BRCYK4JK,131.92
2024-07-16_B0BRCYQNSW,208.48
2024-07-16_B0BRCYV77T,32.86
2024-07-16_B0BRDCBGFD,0.0
2024-07-16_B0BRDCJWJC,4.238
2024-07-16_B0BSLTZV4Z,6.16
2024-07-16_B0BRCXQRC9,54.93
2024-07-16_B0BSLWJKSX,0.8616666666666668
2024-07-16_B0BSLVXHYJ,3.3760000000000003
2024-07-16_B0CY5KFQBD,24.31
2024-07-16_B0CY5LR4VX,198.05
2024-07-16_B0CR4C98FS,13.38461904761905
2024-07-16_B0BNKYW36G,0.18
2024-07-16_B0CR4BGLK5,28.21
2024-07-16_B0CR4BK4FW,13.321452380952383
2024-07-16_B0CR49NR3B,9.862119047619048
2024-07-16_B0CR49N6MQ,7.199250000000001
2024-07-16_B0CR49BQRS,67.55
2024-07-16_B0CFV6V981,2.0821666666666667
2024-07-16_B0C9JLKFPZ,13.56
2024-07-16_B0CR4BG4ZW,103.89
2024-07-17_B09KDTHJ6V,3.3116428571428576
2024-07-17_B09KDVXTP4,0.3068373015873016
2024-07-17_B09KDTS4DC,28.497
2024-07-17_B09KDR64LT,0.21300865800865798
2024-07-17_B09KDLQ2GW,2.01
2024-07-17_B09KDPXYG3,-0.5588095238095238
2024-07-17_B09KDNYCYR,0.02090151515151515
2024-07-17_B09KDN7PYR,7.207357142857141
2024-07-17_B09KDW1YKQ,0.03
2024-07-17_B09MR4B13C,288.64
2024-07-17_B09KDQ2BWY,6.730428571428572
2024-07-17_B09KDXJJ6W,0.6305873015873015
2024-07-17_B09KTF8ZDQ,35.68705952380952
2024-07-17_B09KDZQJ6P,7.28
2024-07-17_B09KSXP3HN,713.1
2024-07-17_B09KSYL73R,25.59
2024-07-17_B09KT5HMNY,9.45225
2024-07-17_B09KTFXX6L,169.81
2024-07-17_B09KTJRHC7,16.36
2024-07-17_B09KTMKDKJ,3.994976190476189
2024-07-17_B09KTMLQ1N,753.79
2024-07-17_B09MR2FY5D,290.72
2024-07-17_B09MR2MLZH,26.620984126984126
2024-07-17_B09MR4D874,0.049166666666666664
2024-07-17_B09MR3RSW8,13.522976190476191
2024-07-17_B09KDYY3SB,17.54
2024-07-17_B0BNKY8RQN,0.9633333333333334
2024-07-17_B0B31Y1FDZ,2.766666666666666
2024-07-17_B0BGDXV7FD,16.74
2024-07-17_B09MR3XT5G,730.79
2024-07-17_B09X1JTK49,0.5228333333333334
2024-07-17_B0B31V3PKG,2.076380952380953
2024-07-17_B0B31T1XMH,1.3321025641025637
2024-07-17_B0B31SVP2Q,0.0
2024-07-17_B0B31SM3ZR,3.8625000000000007
2024-07-17_B0B31R1ZBV,6.920333333333333
2024-07-17_B09MR4Z3H9,13.082
2024-07-17_B09X1HV1NL,226.7
2024-07-17_B09X1F8C23,186.5
2024-07-17_B09X1F1L26,3.53
2024-07-17_B09MR5WS3Y,0.1349523809523809
2024-07-17_B09MR56Q9N,31.52
2024-07-17_B0B31VTH56,3.467714285714286
2024-07-17_B0B31VFJ6Q,201.57
2024-07-17_B0B69SF1BT,4.363166666666666
2024-07-17_B0B699PLXD,0.05
2024-07-17_B0B69DD2C7,0.7463333333333334
2024-07-17_B0B69DK8JN,0.024857142857142852
2024-07-17_B0B69GN5KJ,0.4382619047619047
2024-07-17_B09MR4G722,1.6520476190476188
2024-07-17_B0BDRTZTGX,0.0
2024-07-17_B0BG2PD396,15.146666666666665
2024-07-17_B0BG2T78CJ,1.818
2024-07-17_B0BG2VYWSG,2.6133333333333337
2024-07-17_B0BGDWGRQB,0.0
2024-07-17_B0BGDX2Z3L,12.43
2024-07-17_B09MR4Z3H8,38.28
2024-07-17_B09MR3Y296,3.211333333333334
2024-07-17_B09MR36MLJ,-0.030833333333333334
2024-07-17_B0BNKZ88Z5,0.03
2024-07-17_B0BRCXJRX6,7.72
2024-07-17_B0BNL4S7GH,0.12
2024-07-17_B0BNKZ5BR1,0.92
2024-07-17_B0BRCXDHBX,122.77
2024-07-17_B0BNKZ9BJR,-0.17833333333333332
2024-07-17_B0BNKZBJX2,0.28
2024-07-17_B0BNKZCWFL,1.0
2024-07-17_B0BNKZF51P,0.0
2024-07-17_B0BNL11QD8,0.0
2024-07-17_B0BNL13PNY,0.51
2024-07-17_B0BNL2VK7L,0.58
2024-07-17_B0BNL3J36Z,0.07
2024-07-17_B0BNL3RDG4,0.20833333333333331
2024-07-17_B0BNL3YY1C,0.0
2024-07-17_B0BNL1WL6R,0.0
2024-07-17_B0BNL4Y2J9,0.0
2024-07-17_B0BNL5N28Z,0.0
2024-07-17_B0BRCXCXCV,18.64
2024-07-17_B0BNL5BKMK,0.12
2024-07-17_B0BRCW2B64,284.12
2024-07-17_B0BNL7TJRT,0.0
2024-07-17_B0BNL6H152,0.0
2024-07-17_B0BRCW79VK,1.21
2024-07-17_B0BNL5LCM5,0.0
2024-07-17_B0BNL5HYLR,0.11583333333333332
2024-07-17_B0BNL5CJ8G,0.0
2024-07-17_B0BNL5JR7V,0.0
2024-07-17_B0BSLTZV4Z,6.46
2024-07-17_B0BRCXQMS5,20.07
2024-07-17_B0BGDZLDX2,0.0
2024-07-17_B0CY5QQ49F,19.24
2024-07-17_B0BNKYW36G,0.15
2024-07-17_B0BRCXP7VN,5.26
2024-07-17_B0BRCXQRC9,42.12
2024-07-17_B0BRCXSTKW,0.0
2024-07-17_B0BRCXXBG2,6.06
2024-07-17_B0BRCY8QMH,3.94
2024-07-17_B0BRCYJ33N,10.89
2024-07-17_B0BNKYZD2Z,0.96
2024-07-17_B0BRCYK4JK,46.08
2024-07-17_B0BRCYQNSW,-0.6493333333333332
2024-07-17_B0BRCYV77T,19.42
2024-07-17_B0BRDCBGFD,0.0
2024-07-17_B0BRDCJWJC,4.053333333333334
2024-07-17_B0BRCYJ4SR,0.03
2024-07-17_B0BSLWJKSX,0.6466666666666667
2024-07-17_B0BSLVXHYJ,3.393333333333333
2024-07-17_B0CY5KFQBD,13.89
2024-07-17_B0CR4C98FS,15.993666666666668
2024-07-17_B0CR4C5WXS,15.004333333333333
2024-07-17_B0CR4BK4FW,6.3
2024-07-17_B0CR4BGLK5,14.8
2024-07-17_B0CY5LR4VX,49.3
2024-07-17_B0CR49NR3B,15.444333333333335
2024-07-17_B0CR49N6MQ,16.828666666666667
2024-07-17_B0CR49BQRS,11.530833333333332
2024-07-17_B0CFV6V981,5.999666666666666
2024-07-17_B0C9JLKFPZ,5.2
2024-07-17_B0CR4BG4ZW,28.21
2024-07-18_B09KDW1YKQ,0.6
2024-07-18_B09KDVXTP4,1.3542380952380955
2024-07-18_B09KDTS4DC,4.07897619047619
2024-07-18_B09KDTHJ6V,2.0191010101010103
2024-07-18_B09KDR64LT,0.0075
2024-07-18_B09KDNYCYR,-0.005
2024-07-18_B09KDPXYG3,-0.07
2024-07-18_B09KDN7PYR,0.17
2024-07-18_B09KDLQ2GW,0.7586666666666667
2024-07-18_B0BGDX2Z3L,-5.924833333333332
2024-07-18_B09KDQ2BWY,4.85709126984127
2024-07-18_B09KDXJJ6W,1.2499761904761906
2024-07-18_B09MR3XT5G,27.76100000000001
2024-07-18_B09MR3Y296,0.15566666666666668
2024-07-18_B09KSXP3HN,28.71
2024-07-18_B09KT5HMNY,13.026666666666667
2024-07-18_B09KTF8ZDQ,15.076619047619044
2024-07-18_B09KTFXX6L,3.29145238095238
2024-07-18_B09KTJRHC7,11.66
2024-07-18_B09KTMKDKJ,0.72
2024-07-18_B09KTMLQ1N,0.0
2024-07-18_B09MR2FY5D,19.85
2024-07-18_B09MR2MLZH,8.418571428571427
2024-07-18_B09MR36MLJ,-0.011666666666666667
2024-07-18_B09MR3RSW8,2.331428571428571
2024-07-18_B09KDYY3SB,1.5187857142857144
2024-07-18_B09KDZQJ6P,4.63
2024-07-18_B09MR4B13C,22.81734848484848
2024-07-18_B0B31Y1FDZ,5.605309523809524
2024-07-18_B09MR4G722,0.8895714285714286
2024-07-18_B0BGDWGRQB,0.0
2024-07-18_B0B31T1XMH,0.7232142857142856
2024-07-18_B0B31SVP2Q,1.3923484848484844
2024-07-18_B0B31SM3ZR,3.162924603174602
2024-07-18_B0B31R1ZBV,4.021484487734487
2024-07-18_B09X1JTK49,0.3460555555555556
2024-07-18_B09X1F1L26,1.2633333333333334
2024-07-18_B09X1F8C23,16.08
2024-07-18_B09MR5WS3Y,1.0005039682539685
2024-07-18_B09MR56Q9N,3.3
2024-07-18_B09MR4Z3H9,5.759011904761902
2024-07-18_B0B31VFJ6Q,1.5324206349206355
2024-07-18_B09MR4Z3H8,8.62
2024-07-18_B0BG2T78CJ,1.3041666666666665
2024-07-18_B0B31VTH56,3.9998892496392493
2024-07-18_B0B699PLXD,0.6448809523809524
2024-07-18_B0B69B8R3C,0.29125
2024-07-18_B0B69C4GST,0.6634404761904762
2024-07-18_B0B69DK8JN,0.0
2024-07-18_B0B69GN5KJ,0.11133333333333334
2024-07-18_B0B69N4B1S,0.59
2024-07-18_B0B69SF1BT,4.5263333333333335
2024-07-18_B0BDRQWBK9,0.0
2024-07-18_B0BDRS6R5Z,0.01
2024-07-18_B0BDRTZTGX,0.0
2024-07-18_B0BG2PD396,66.65266666666666
2024-07-18_B09MR4D874,0.6267499999999999
2024-07-18_B09KSYL73R,6.12
2024-07-18_B09X1HV1NL,8.95
2024-07-18_B0BGDXM13S,0.0
2024-07-18_B0BRCXJRX6,1.09
2024-07-18_B0BRCXCXCV,0.23
2024-07-18_B0BNKY8RQN,0.92
2024-07-18_B0BNKZ5BR1,0.08
2024-07-18_B0BNKZ6N9L,0.73
2024-07-18_B0BNKZ9BJR,0.0
2024-07-18_B0BNKZBJX2,0.24516666666666664
2024-07-18_B0BNKZCWFL,1.1166666666666665
2024-07-18_B0BNKZF51P,0.0
2024-07-18_B0BNKZYHRX,0.041166666666666664
2024-07-18_B0BNL11QD8,0.0
2024-07-18_B0BNL13PNY,1.36
2024-07-18_B0BNL3RDG4,0.21
2024-07-18_B0BNL3YY1C,0.0
2024-07-18_B0BGDZLDX2,0.0
2024-07-18_B0BNL5JR7V,0.0
2024-07-18_B0BRCW79VK,1.26
2024-07-18_B0BRCW2B64,1.66
2024-07-18_B0BNL7TJRT,0.0
2024-07-18_B0BNL5N28Z,0.0
2024-07-18_B0BNL6H152,0.0
2024-07-18_B0BNL5HYLR,0.0375
2024-07-18_B0BNL5CJ8G,0.0
2024-07-18_B0BNL4Y2J9,0.0
2024-07-18_B0BNL4S7GH,0.12
2024-07-18_B0BNL4NX61,0.0
2024-07-18_B0CY5QQ49F,1.03
2024-07-18_B0BNL46Y7W,0.015
2024-07-18_B0BRCXDHBX,10.15
2024-07-18_B0BNL2VK7L,0.29
2024-07-18_B0BRCXP7VN,3.2
2024-07-18_B0BSLTZV4Z,6.3
2024-07-18_B0BRCXQRC9,12.5
2024-07-18_B0BRCXSTKW,0.0
2024-07-18_B0BRCXXBG2,6.61
2024-07-18_B0BRCY8QMH,4.02
2024-07-18_B0BRCYJ33N,3.02
2024-07-18_B0BRCYJ4SR,0.03
2024-07-18_B0BRCYK4JK,1.8453095238095238
2024-07-18_B0BRCYQNSW,-0.4646666666666668
2024-07-18_B0BRCYV77T,13.1
2024-07-18_B0BRDCBGFD,-0.02
2024-07-18_B0BRDCJWJC,0.0
2024-07-18_B0BSLVXHYJ,3.423285714285714
2024-07-18_B0BSLWJKSX,0.78
2024-07-18_B0BRCXQMS5,11.02
2024-07-18_B0BGDXV7FD,-2.8875
2024-07-18_B0C9JLKFPZ,0.11316666666666665
2024-07-18_B0CY5LR4VX,1.03
2024-07-18_B0CY5KFQBD,1.03
2024-07-18_B0CR4C98FS,28.69
2024-07-18_B0CR4BK4FW,1.03
2024-07-18_B0CR4C5WXS,36.24
2024-07-18_B0CR4BG4ZW,2.4864761904761905
2024-07-18_B0CR49NR3B,13.215642857142857
2024-07-18_B0CR49N6MQ,28.67
2024-07-18_B0CR49BQRS,2.3964761904761906
2024-07-18_B0CFV6V981,3.41
2024-07-18_B0CR4BGLK5,10.113976190476192
2024-07-19_B09KDTHJ6V,0.360494089244089
2024-07-19_B09KDW1YKQ,0.0
2024-07-19_B09KDVXTP4,0.20244696969696968
2024-07-19_B09KDTS4DC,4.7803571428571425
2024-07-19_B09KDR64LT,0.24652813852813843
2024-07-19_B09KDZQJ6P,26.883095238095237
2024-07-19_B09KDNYCYR,0.1819682539682539
2024-07-19_B09KDN7PYR,0.9184444444444445
2024-07-19_B09KDLQ2GW,1.5281666666666667
2024-07-19_B0BGDXM13S,0.0
2024-07-19_B09KDXJJ6W,2.834126984126984
2024-07-19_B09KDPXYG3,0.0
2024-07-19_B09KDYY3SB,0.7025
2024-07-19_B09KTJRHC7,14.469515873015872
2024-07-19_B09MR3Y296,1.5736825396825396
2024-07-19_B09KSYL73R,17.81
2024-07-19_B09KT5HMNY,5.331173160173162
2024-07-19_B09KTF8ZDQ,6.934406204906203
2024-07-19_B09KTFXX6L,12.07
2024-07-19_B09KTMKDKJ,0.2624285714285714
2024-07-19_B09KTMLQ1N,0.04
2024-07-19_B09MR2FY5D,19.76
2024-07-19_B09MR2MLZH,7.161179292929296
2024-07-19_B09MR3XT5G,28.301833333333335
2024-07-19_B09MR36MLJ,0.0
2024-07-19_B09MR3RSW8,0.645563492063492
2024-07-19_B09KSXP3HN,39.57
2024-07-19_B09MR4B13C,11.772507936507939
2024-07-19_B0B31R1ZBV,3.4222777777777775
2024-07-19_B09MR4G722,1.174781746031746
2024-07-19_B09MR4Z3H8,4.545833333333333
2024-07-19_B0B31SM3ZR,1.2223015873015874
2024-07-19_B0B31SVP2Q,1.2875082972582976
2024-07-19_B09X1HV1NL,8.05
2024-07-19_B0B31T1XMH,0.12955844155844157
2024-07-19_B09X1JTK49,1.1475714285714285
2024-07-19_B09MR5WS3Y,0.7681132756132754
2024-07-19_B09X1F8C23,20.34
2024-07-19_B09X1F1L26,5.027916666666667
2024-07-19_B09MR56Q9N,5.92
2024-07-19_B09MR4Z3H9,2.370636363636363
2024-07-19_B0B31VTH56,1.0884047619047623
2024-07-19_B0B31VFJ6Q,-0.0811666666666666
2024-07-19_B0BDRS6R5Z,0.0
2024-07-19_B0B31Y1FDZ,6.142142857142858
2024-07-19_B0B699PLXD,0.035
2024-07-19_B0B69B8R3C,0.6705
2024-07-19_B0B69C4GST,0.3850476190476191
2024-07-19_B0B69DK8JN,0.1
2024-07-19_B0B69GN5KJ,0.07642857142857143
2024-07-19_B0B69N4B1S,0.12
2024-07-19_B0B69SF1BT,4.626833333333334
2024-07-19_B0BDRQWBK9,0.12
2024-07-19_B0BDRTZTGX,0.0
2024-07-19_B0BG2T78CJ,1.9799761904761906
2024-07-19_B0BGDWGRQB,0.0
2024-07-19_B09MR4D874,0.39654076479076467
2024-07-19_B09KDQ2BWY,1.4254999999999993
2024-07-19_B0BGDX2Z3L,-2.0066666666666664
2024-07-19_B0BRCXQRC9,14.84
2024-07-19_B0BGDXV7FD,-1.341619047619048
2024-07-19_B0BNKY8RQN,0.185
2024-07-19_B0BNKZ5BR1,0.0175
2024-07-19_B0BGDZLDX2,0.0
2024-07-19_B0BNKZ6N9L,0.2
2024-07-19_B0BNKZ9BJR,0.0
2024-07-19_B0BNKZBJX2,0.32
2024-07-19_B0BNKZCWFL,1.4166666666666665
2024-07-19_B0BNKZYHRX,0.16
2024-07-19_B0BNL11QD8,0.0
2024-07-19_B0BNL13PNY,0.9755000000000001
2024-07-19_B0BNL2VK7L,0.35402380952380946
2024-07-19_B0BNL3RDG4,0.2
2024-07-19_B0BNL3YY1C,0.0
2024-07-19_B0BNKZF51P,-0.0016666666666666663
2024-07-19_B0BNL5N28Z,0.0
2024-07-19_B0BNL4NX61,0.0
2024-07-19_B0BRCW79VK,1.12
2024-07-19_B0BRCW2B64,1.02
2024-07-19_B0BNL7TJRT,0.0
2024-07-19_B0BNL6H152,0.0
2024-07-19_B0BRCXCXCV,5.6
2024-07-19_B0BNL5CJ8G,0.0
2024-07-19_B0BNL4Y2J9,0.0
2024-07-19_B0BNL4S7GH,0.11
2024-07-19_B0BNL5HYLR,0.0
2024-07-19_B0BG2PD396,76.15
2024-07-19_B0BNL46Y7W,0.0235
2024-07-19_B0BRCXDHBX,16.66
2024-07-19_B0BNL5JR7V,0.0
2024-07-19_B0BRCXP7VN,2.39
2024-07-19_B0CY5QQ49F,9.808666666666667
2024-07-19_B0BRCXJRX6,0.69
2024-07-19_B0BRCXQMS5,9.06
2024-07-19_B0BRCXSTKW,0.0
2024-07-19_B0BRCY8QMH,1.9
2024-07-19_B0BRCYJ33N,2.69
2024-07-19_B0BRCYJ4SR,0.03
2024-07-19_B0BRCYK4JK,1.72
2024-07-19_B0BRCYQNSW,-2.07
2024-07-19_B0BRCYV77T,14.68
2024-07-19_B0BRDCBGFD,-0.01
2024-07-19_B0BRDCJWJC,0.0
2024-07-19_B0BSLTZV4Z,6.97
2024-07-19_B0BRCXXBG2,6.92
2024-07-19_B0BSLWJKSX,0.85
2024-07-19_B0BSLVXHYJ,3.878333333333333
2024-07-19_B0CY5KFQBD,2.0783333333333336
2024-07-19_B0CR4C98FS,9.838666666666667
2024-07-19_B0CR4BK4FW,2.0783333333333336
2024-07-19_B0CR4BGLK5,9.818666666666667
2024-07-19_B0CR4C5WXS,9.868666666666666
2024-07-19_B0CR49NR3B,27.77666666666667
2024-07-19_B0C9JLKFPZ,0.02
2024-07-19_B0CR4BG4ZW,3.1203571428571424
2024-07-19_B0CFV6V981,2.6903571428571422
2024-07-19_B0CR49BQRS,3.1203571428571424
2024-07-19_B0CY5LR4VX,2.2353333333333336
2024-07-19_B0CR49N6MQ,3.1203571428571424
2024-07-20_B09KDLQ2GW,1.09
2024-07-20_B09KDN7PYR,-0.007611111111111111
2024-07-20_B09KDPXYG3,0.0
2024-07-20_B09KDQ2BWY,4.876214285714286
2024-07-20_B0BGDWGRQB,0.0
2024-07-20_B09KDR64LT,0.16427525252525246
2024-07-20_B09KDTHJ6V,1.1022773892773894
2024-07-20_B09KDVXTP4,0.47163888888888894
2024-07-20_B09KDW1YKQ,0.0
2024-07-20_B09KDNYCYR,0.214063492063492
2024-07-20_B09KTFXX6L,1.9235627705627705
2024-07-20_B09MR3XT5G,22.192785714285716
2024-07-20_B09KDZQJ6P,16.814404761904765
2024-07-20_B09KSYL73R,15.06
2024-07-20_B09KTF8ZDQ,4.326665223665224
2024-07-20_B09KTJRHC7,9.616904761904761
2024-07-20_B09KTMKDKJ,-0.1696190476190476
2024-07-20_B09KTMLQ1N,0.606
2024-07-20_B09MR2FY5D,27.63
2024-07-20_B09KDXJJ6W,1.0344880952380953
2024-07-20_B09MR2MLZH,11.445015873015873
2024-07-20_B09KDYY3SB,0.9433055555555554
2024-07-20_B09MR3Y296,5.039357142857141
2024-07-20_B09MR4G722,1.0409523809523806
2024-07-20_B09MR4D874,0.25539790764790754
2024-07-20_B09MR36MLJ,0.0
2024-07-20_B09X1JTK49,0.4596626984126983
2024-07-20_B09MR4Z3H8,6.023888888888889
2024-07-20_B09MR4Z3H9,5.2631428571428565
2024-07-20_B09MR56Q9N,15.55
2024-07-20_B09MR5Q6HJ,0.004
2024-07-20_B09MR5WS3Y,0.0
2024-07-20_B09X1F1L26,1.4433333333333331
2024-07-20_B09X1F8C23,24.7
2024-07-20_B09X1HV1NL,10.74
2024-07-20_B09KSXP3HN,35.12
2024-07-20_B0BDRQWBK9,0.0
2024-07-20_B0B31SVP2Q,0.47351334776334797
2024-07-20_B0B31T1XMH,0.7774949494949495
2024-07-20_B0B31V3PKG,0.920309523809524
2024-07-20_B0B31VFJ6Q,2.93212987012987
2024-07-20_B0B31Y1FDZ,9.383976190476194
2024-07-20_B0B699PLXD,0.04033333333333333
2024-07-20_B0B69B8R3C,1.1696666666666666
2024-07-20_B0B69C4GST,0.7036666666666666
2024-07-20_B0B69DK8JN,0.8246666666666667
2024-07-20_B09MR4B13C,7.511468253968253
2024-07-20_B0B31R1ZBV,5.215063492063492
2024-07-20_B0BG2PD396,72.86
2024-07-20_B0BRCYJ33N,2.66
2024-07-20_B0BGDX2Z3L,-1.5546666666666666
2024-07-20_B0BNL4S6MB,0.0
2024-07-20_B0BGDXV7FD,0.03914285714285717
2024-07-20_B0BRCXQMS5,6.89
2024-07-20_B0BGDZLDX2,0.0
2024-07-20_B0BNKY8RQN,0.08666666666666668
2024-07-20_B0BNKZ5BR1,0.0
2024-07-20_B0BNKZ88Z5,0.0
2024-07-20_B0BNKZBJX2,0.36
2024-07-20_B0BNL13PNY,0.9088333333333334
2024-07-20_B0BNL3RDG4,0.192
2024-07-20_B0BRCXQRC9,11.6
2024-07-20_B0BNKZ9BJR,0.0
2024-07-20_B0BNL4Y2J9,0.0
2024-07-20_B0BNL5CJ8G,0.0
2024-07-20_B0BNL5HYLR,0.0
2024-07-20_B0BNL6H152,0.0
2024-07-20_B0BRCXP7VN,2.75
2024-07-20_B0BRCW2B64,1.11
2024-07-20_B0BRCW79VK,1.09
2024-07-20_B0BRCXDHBX,12.88
2024-07-20_B0BRCXJRX6,1.41
2024-07-20_B0B69G3YRM,1.2985000000000002
2024-07-20_B0BRCXCXCV,0.15333333333333335
2024-07-20_B0CR49N6MQ,4.137996031746031
2024-07-20_B0BNL2VK7L,0.1608571428571429
2024-07-20_B0BGDXM13S,0.0
2024-07-20_B0BRCY8QMH,1.16
2024-07-20_B0BRCYJ4SR,0.03
2024-07-20_B0BRCYK4JK,0.98
2024-07-20_B0BRCYQNSW,-0.4966666666666667
2024-07-20_B0BRCYV77T,5.01
2024-07-20_B0BRDCBGFD,0.0
2024-07-20_B0BRDCJWJC,0.0
2024-07-20_B0BSLVXHYJ,3.8186666666666667
2024-07-20_B0BSLWJKSX,0.72
2024-07-20_B0C9JLKFPZ,0.11116666666666668
2024-07-20_B0CR49BQRS,6.097460317460317
2024-07-20_B0CFV6V981,3.386761904761904
2024-07-20_B0CY5QQ49F,4.432996031746031
2024-07-20_B0CR49NR3B,6.107460317460317
2024-07-20_B0CR4BG4ZW,3.6456507936507934
2024-07-20_B0CR4BGLK5,6.077460317460317
2024-07-20_B0CR4BK4FW,3.747
2024-07-20_B0CR4C5WXS,6.107460317460317
2024-07-20_B0CR4C98FS,6.097460317460317
2024-07-20_B0CY5KFQBD,1.46
2024-07-20_B0CY5LR4VX,1.46
2024-07-20_B0BRCXXBG2,6.76
2024-07-21_B09KDTHJ6V,1.0191807359307359
2024-07-21_B09KDR64LT,0.199281746031746
2024-07-21_B09KDQ2BWY,4.147261904761906
2024-07-21_B09KDPXYG3,0.0
2024-07-21_B09MR3XT5G,21.91959523809524
2024-07-21_B09KDN7PYR,-0.0014285714285714286
2024-07-21_B0BDRQWBK9,0.0
2024-07-21_B09KDTS4DC,8.525261904761905
2024-07-21_B09MR3RSW8,0.389
2024-07-21_B09KDNYCYR,-0.29415295815295806
2024-07-21_B09KDVXTP4,0.044000000000000004
2024-07-21_B09KT5HMNY,9.310714285714283
2024-07-21_B09KDXJJ6W,2.89883621933622
2024-07-21_B09KDYY3SB,1.93
2024-07-21_B09KDZQJ6P,12.18
2024-07-21_B09KSXP3HN,26.46
2024-07-21_B09KTF8ZDQ,6.485060855810857
2024-07-21_B09KTFXX6L,4.98
2024-07-21_B09KTJRHC7,5.946666666666666
2024-07-21_B09KTMKDKJ,-0.8403459595959596
2024-07-21_B09KTMLQ1N,0.0
2024-07-21_B09MR2FY5D,17.64
2024-07-21_B09KDW1YKQ,0.0
2024-07-21_B09KSYL73R,14.6
2024-07-21_B09MR5Q6HJ,1.0717460317460317
2024-07-21_B09MR3Y296,5.078880952380953
2024-07-21_B09MR2MLZH,12.49696675546676
2024-07-21_B09X1F8C23,31.0
2024-07-21_B09X1F1L26,0.7594603174603172
2024-07-21_B09MR5WS3Y,0.32258216783216764
2024-07-21_B09MR4D874,0.23023809523809521
2024-07-21_B09MR56Q9N,9.8
2024-07-21_B09MR4Z3H9,3.6017380952380944
2024-07-21_B09MR4Z3H8,4.97
2024-07-21_B09MR4G722,1.2407182539682544
2024-07-21_B09X1JTK49,0.2438015873015872
2024-07-21_B09X1HV1NL,8.01
2024-07-21_B0B69G3YRM,0.31683333333333336
2024-07-21_B0B31R1ZBV,4.28572619047619
2024-07-21_B0B31SM3ZR,2.8954873737373736
2024-07-21_B0B31SVP2Q,0.8306031746031748
2024-07-21_B0B31T1XMH,0.5489126984126983
2024-07-21_B0B31V3PKG,0.44451190476190466
2024-07-21_B0B31VFJ6Q,18.44
2024-07-21_B0B31Y1FDZ,6.715166666666667
2024-07-21_B0B699PLXD,0.29871428571428565
2024-07-21_B0B69C4GST,1.6470555555555555
2024-07-21_B09KDLQ2GW,0.1539300144300144
2024-07-21_B0B69DK8JN,4.264928571428572
2024-07-21_B09MR4B13C,8.688916666666666
2024-07-21_B09MR36MLJ,0.025
2024-07-21_B0BRCY8QMH,1.16
2024-07-21_B0B69DD2C7,4.441063492063493
2024-07-21_B0BRCXQMS5,8.45
2024-07-21_B0BNKZCWFL,0.44133333333333336
2024-07-21_B0BG2T78CJ,0.9643809523809524
2024-07-21_B0BG2Z8CY4,0.188
2024-07-21_B0BGDWGRQB,0.0
2024-07-21_B0BGDX2Z3L,-4.017333333333333
2024-07-21_B0BGDXM13S,0.0
2024-07-21_B0BGDXV7FD,0.11166666666666668
2024-07-21_B0BNKYPVM6,0.01
2024-07-21_B0BNKZ5BR1,0.02
2024-07-21_B0BNKZBJX2,0.28
2024-07-21_B0BGDZLDX2,0.0
2024-07-21_B0BNKZKGFG,0.31
2024-07-21_B0BRCW79VK,1.08
2024-07-21_B0BRCXJRX6,2.03
2024-07-21_B0BNL13PNY,0.6146666666666667
2024-07-21_B0BRCXDHBX,12.81
2024-07-21_B0BRCXCXCV,5.32
2024-07-21_B0BRCXP7VN,1.83
2024-07-21_B0BRCW2B64,1.24
2024-07-21_B0BNL4S7GH,0.33
2024-07-21_B0BNL4S6MB,0.0
2024-07-21_B0B69SF1BT,7.314500000000001
2024-07-21_B0CY5QQ49F,4.004499999999999
2024-07-21_B0BRCXXBG2,6.76
2024-07-21_B0BNKYZD2Z,0.03
2024-07-21_B0CY5LR4VX,2.05
2024-07-21_B0BG2PD396,54.33
2024-07-21_B0BRCXQRC9,9.97
2024-07-21_B0BNL3RDG4,0.2
2024-07-21_B0BRCYJ33N,2.53
2024-07-21_B0BRCYK4JK,11.19
2024-07-21_B0BRCYQNSW,-0.0518809523809524
2024-07-21_B0BRCYV77T,14.23
2024-07-21_B0BRDCBGFD,-0.36171645021645
2024-07-21_B0BRDCJWJC,-0.026000000000000002
2024-07-21_B0BSLVXHYJ,3.579166666666667
2024-07-21_B0BSLWJKSX,1.43
2024-07-21_B0C9JLKFPZ,0.01
2024-07-21_B0BDRTZTGX,0.0
2024-07-21_B0CQVLFPBQ,4.557749999999999
2024-07-21_B0CFV6V981,2.5379404761904762
2024-07-21_B0CR4C98FS,7.1498333333333335
2024-07-21_B0CR4C5WXS,7.179833333333334
2024-07-21_B0CR4BK4FW,2.05
2024-07-21_B0CR4BGLK5,7.129833333333334
2024-07-21_B0CY5KFQBD,4.557749999999999
2024-07-21_B0CR49NR3B,20.3
2024-07-21_B0CR49N6MQ,7.129833333333334
2024-07-21_B0CR49BQRS,7.179833333333334
2024-07-21_B0CR4BG4ZW,12.92
2024-07-22_B09KDVXTP4,0.06558333333333334
2024-07-22_B09KDLQ2GW,0.2507063492063492
2024-07-22_B0B69SF1BT,3.2431071428571427
2024-07-22_B09KDNYCYR,0.015
2024-07-22_B09KDPXYG3,-0.006666666666666667
2024-07-22_B09KDQ2BWY,4.4757341269841255
2024-07-22_B09KDR64LT,0.2212857142857141
2024-07-22_B09KDXJJ6W,0.6761666666666666
2024-07-22_B09KDTHJ6V,0.9529999999999998
2024-07-22_B09KDTS4DC,3.5830476190476186
2024-07-22_B09KDW1YKQ,0.02333333333333333
2024-07-22_B09KSYL73R,13.49
2024-07-22_B09MR2MLZH,21.5725
2024-07-22_B09KDZQJ6P,46.804142857142864
2024-07-22_B09KSXP3HN,-0.56
2024-07-22_B09KT5HMNY,4.9936904761904755
2024-07-22_B09KTF8ZDQ,5.568833333333334
2024-07-22_B09KTFXX6L,11.84
2024-07-22_B09KTJRHC7,9.56
2024-07-22_B09KTMKDKJ,0.3391666666666667
2024-07-22_B09KTMLQ1N,0.18
2024-07-22_B09MR36MLJ,-0.30945238095238087
2024-07-22_B09KDYY3SB,5.21
2024-07-22_B09KDN7PYR,0.5216666666666667
2024-07-22_B09MR4Z3H9,8.98431746031746
2024-07-22_B09MR3RSW8,3.2728968253968254
2024-07-22_B09MR2FY5D,32.17
2024-07-22_B09X1F1L26,2.8184285714285715
2024-07-22_B09MR5WS3Y,0.14029551004551002
2024-07-22_B09MR5Q6HJ,0.8369523809523808
2024-07-22_B09MR56Q9N,9.5
2024-07-22_B09MR3Y296,0.3455
2024-07-22_B09MR4Z3H8,4.920714285714285
2024-07-22_B09MR4G722,1.477476190476191
2024-07-22_B09MR4D874,0.0
2024-07-22_B09MR4B13C,7.562000000000001
2024-07-22_B09X1HV1NL,-1.7885
2024-07-22_B09X1F8C23,22.55
2024-07-22_B0B69DD2C7,3.1350357142857144
2024-07-22_B09X1JTK49,-0.2666872294372294
2024-07-22_B0B31R1ZBV,1.068214285714286
2024-07-22_B0B31SM3ZR,0.05
2024-07-22_B0B31SVP2Q,0.7785079365079366
2024-07-22_B0B31T1XMH,0.8268809523809526
2024-07-22_B0B31V3PKG,0.968309523809524
2024-07-22_B0B31VFJ6Q,10.4
2024-07-22_B0B31Y1FDZ,5.361666666666666
2024-07-22_B0B699PLXD,0.03
2024-07-22_B0B69C4GST,0.6839642857142857
2024-07-22_B09MR3XT5G,42.45883333333333
2024-07-22_B0B69G3YRM,0.710952380952381
2024-07-22_B0BRCXQRC9,10.87
2024-07-22_B0BDRQWBK9,0.01
2024-07-22_B0BRCXP7VN,5.17
2024-07-22_B0BG2PD396,31.897500000000004
2024-07-22_B0BG2T78CJ,2.0508888888888888
2024-07-22_B0BG2Z8CY4,1.4135238095238096
2024-07-22_B0BGDWGRQB,0.0
2024-07-22_B0BGDX2Z3L,-11.39047619047619
2024-07-22_B0BGDXM13S,0.0
2024-07-22_B0BGDZLDX2,0.0
2024-07-22_B0BNKYPVM6,0.06
2024-07-22_B0BNKZ5BR1,0.13
2024-07-22_B0BNKZBJX2,0.11
2024-07-22_B0BGDXV7FD,-0.24083333333333332
2024-07-22_B0BNL13PNY,0.8166666666666665
2024-07-22_B0BNL3RDG4,0.19
2024-07-22_B0BRCXJRX6,10.14
2024-07-22_B0BNL4S6MB,0.01
2024-07-22_B0BNL4S7GH,0.07
2024-07-22_B0BRCW2B64,1.35
2024-07-22_B0BRCW79VK,1.1
2024-07-22_B0BRCXCXCV,0.53
2024-07-22_B0B69DK8JN,0.3496666666666667
2024-07-22_B0BNKZKGFG,0.305
2024-07-22_B0BNKZCWFL,0.38
2024-07-22_B0BRCXQMS5,10.24
2024-07-22_B0BRCXDHBX,23.07
2024-07-22_B0BRCXXBG2,5.93
2024-07-22_B0CY5QQ49F,1.9135476190476188
2024-07-22_B0BRCYJ33N,10.75
2024-07-22_B0BRCYK4JK,1.93
2024-07-22_B0BRCYQNSW,-0.5633333333333334
2024-07-22_B0BRCYV77T,16.07
2024-07-22_B0BRDCBGFD,-0.5487857142857142
2024-07-22_B0BRDCJWJC,0.05
2024-07-22_B0BSLVXHYJ,3.01
2024-07-22_B0BSLWJKSX,1.1115000000000002
2024-07-22_B0C9JLKFPZ,0.0
2024-07-22_B0CFV6V981,0.7888690476190476
2024-07-22_B0BRCY8QMH,3.94
2024-07-22_B0CR49BQRS,3.5555000000000003
2024-07-22_B0CQVLFPBQ,1.836047619047619
2024-07-22_B0CY5LR4VX,0.3576428571428572
2024-07-22_B0CY5KFQBD,1.836047619047619
2024-07-22_B0CR4C98FS,1.647333333333333
2024-07-22_B0CR4C5WXS,16.313
2024-07-22_B0BDRTZTGX,0.0
2024-07-22_B0CR4BGLK5,3.1555
2024-07-22_B0CR4BG4ZW,1.5851190476190475
2024-07-22_B0CR49NR3B,3.2155
2024-07-22_B0CR49N6MQ,3.3055000000000003
2024-07-22_B0CR4BK4FW,9.798
2024-07-23_B09KDVXTP4,1.3713333333333333
2024-07-23_B09KDN7PYR,0.505
2024-07-23_B09KDNYCYR,0.4623333333333333
2024-07-23_B09KDPXYG3,0.31702380952380954
2024-07-23_B09KDQ2BWY,3.10512554112554
2024-07-23_B09KDR64LT,0.010666666666666666
2024-07-23_B09KDTHJ6V,0.7806031746031746
2024-07-23_B09KDTS4DC,26.78936538461538
2024-07-23_B0B69DK8JN,2.2435992063492067
2024-07-23_B09KSYL73R,13.49
2024-07-23_B09KDXJJ6W,1.364424603174603
2024-07-23_B09KDYY3SB,1.8342380952380952
2024-07-23_B09KDZQJ6P,17.59830555555556
2024-07-23_B09KSXP3HN,38.35
2024-07-23_B09KTMLQ1N,0.0
2024-07-23_B09KTF8ZDQ,12.459571428571428
2024-07-23_B09KTFXX6L,7.4
2024-07-23_B09KTJRHC7,9.597999999999999
2024-07-23_B09KTMKDKJ,1.4888928571428572
2024-07-23_B09MR2FY5D,23.6
2024-07-23_B09KDW1YKQ,0.03
2024-07-23_B09MR2MLZH,17.055726190476193
2024-07-23_B0B699PLXD,0.9583333333333335
2024-07-23_B09MR3RSW8,6.347865079365081
2024-07-23_B09X1F8C23,26.77
2024-07-23_B09MR3XT5G,33.35221428571429
2024-07-23_B09MR3Y296,-0.048
2024-07-23_B09MR4B13C,9.141166666666667
2024-07-23_B09MR4D874,0.0
2024-07-23_B09MR4Z3H8,12.52
2024-07-23_B09MR4Z3H9,15.269999999999998
2024-07-23_B09MR56Q9N,13.51
2024-07-23_B09MR5Q6HJ,0.5695595238095237
2024-07-23_B09MR5WS3Y,0.005690476190476191
2024-07-23_B09X1F1L26,2.928
2024-07-23_B09X1HV1NL,16.89
2024-07-23_B09X1JTK49,0.6593809523809524
2024-07-23_B0B31R1ZBV,5.380083333333332
2024-07-23_B0B31SVP2Q,0.0
2024-07-23_B0B31T1XMH,1.8100494227994233
2024-07-23_B0B31V3PKG,1.6832380952380952
2024-07-23_B0B31VFJ6Q,6.92
2024-07-23_B0B31VTH56,0.6224404761904763
2024-07-23_B0B31Y1FDZ,3.9233333333333333
2024-07-23_B09MR36MLJ,-0.30234523809523806
2024-07-23_B09KDLQ2GW,0.47466666666666674
2024-07-23_B0B69C4GST,0.6288852813852813
2024-07-23_B09KT5HMNY,9.18236904761905
2024-07-23_B0B69SF1BT,3.4844999999999997
2024-07-23_B0BNL4CB4X,0.01
2024-07-23_B0BRCXQMS5,7.5
2024-07-23_B0BGDWGRQB,0.0
2024-07-23_B0BGDX2Z3L,-0.026000000000000002
2024-07-23_B0BGDXV7FD,-0.3525
2024-07-23_B0BNKYPVM6,0.06
2024-07-23_B0BDRQWBK9,0.0
2024-07-23_B0BNKZBJX2,0.11
2024-07-23_B0BNKZKGFG,0.3266904761904762
2024-07-23_B0BNL13PNY,0.2525
2024-07-23_B0BNL2VK7L,0.68
2024-07-23_B0BNKZ9BJR,0.0
2024-07-23_B0BRCXP7VN,5.17
2024-07-23_B0BNL5BKMK,0.02
2024-07-23_B0BNL5HYLR,0.12583333333333332
2024-07-23_B0BRCW2B64,1.45
2024-07-23_B0BRCW79VK,1.32
2024-07-23_B0BRCXCXCV,0.62
2024-07-23_B0BRCXDHBX,8.58
2024-07-23_B0BRCXJRX6,10.17
2024-07-23_B0BNKZ5BR1,0.145
2024-07-23_B0BRCXQRC9,8.64
2024-07-23_B0CFV6V981,9.478119047619048
2024-07-23_B0BNL4HPH9,0.0
2024-07-23_B0CY5QQ49F,3.77
2024-07-23_B0BRCY8QMH,3.94
2024-07-23_B0BRCYJ33N,4.31
2024-07-23_B0BRCYJ4SR,0.26
2024-07-23_B0BRCYK4JK,1.1883333333333332
2024-07-23_B0BRCYQNSW,-0.21333333333333332
2024-07-23_B0BRCYV77T,14.23
2024-07-23_B0BRDCBGFD,0.0
2024-07-23_B0BRDCJWJC,0.0
2024-07-23_B0BSLTZV4Z,6.16
2024-07-23_B0BSLVXHYJ,3.3760000000000003
2024-07-23_B0BRCXXBG2,5.93
2024-07-23_B0CR49BQRS,11.876785714285715
2024-07-23_B0CR49N6MQ,11.866785714285715
2024-07-23_B0CR49NR3B,11.966785714285715
2024-07-23_B0CR4BG4ZW,12.46
2024-07-23_B0CR4BGLK5,11.856785714285715
2024-07-23_B0CR4BK4FW,22.894166666666663
2024-07-23_B0CR4C5WXS,13.824166666666667
2024-07-23_B0CR4C98FS,13.21461904761905
2024-07-23_B0CY5KFQBD,12.76961904761905
2024-07-23_B0CY5LR4VX,0.9996428571428573
2024-07-23_B0C9JLKFPZ,0.08066666666666666
2024-07-24_B09KDTHJ6V,3.3116428571428576
2024-07-24_B09KDR64LT,0.21300865800865798
2024-07-24_B09KDQ2BWY,6.730428571428572
2024-07-24_B09KDXJJ6W,0.6305873015873015
2024-07-24_B09KDNYCYR,0.02090151515151515
2024-07-24_B0BGDWGRQB,0.0
2024-07-24_B09KDLQ2GW,1.072797619047619
2024-07-24_B09KDPXYG3,0.03
2024-07-24_B09KDTS4DC,1.5830000000000002
2024-07-24_B09KSYL73R,17.12
2024-07-24_B09KDYY3SB,5.46
2024-07-24_B09MR2MLZH,26.620984126984126
2024-07-24_B09KDZQJ6P,20.305333333333337
2024-07-24_B09KT5HMNY,9.45225
2024-07-24_B09KTF8ZDQ,35.68705952380952
2024-07-24_B09KTFXX6L,15.42
2024-07-24_B09KTJRHC7,49.02989285714285
2024-07-24_B09KTMKDKJ,11.783785714285711
2024-07-24_B09MR3RSW8,13.522976190476191
2024-07-24_B09KTMLQ1N,33.07
2024-07-24_B09KDVXTP4,0.3068373015873016
2024-07-24_B09KSXP3HN,42.39
2024-07-24_B09X1JTK49,0.5228333333333334
2024-07-24_B0BDRS6R5Z,0.0
2024-07-24_B09MR2FY5D,17.05
2024-07-24_B09MR5WS3Y,0.1349523809523809
2024-07-24_B09X1F1L26,2.045142857142857
2024-07-24_B09X1DHRLN,0.0
2024-07-24_B09MR4G722,1.6520476190476188
2024-07-24_B09MR56Q9N,5.62
2024-07-24_B09MR4Z3H9,13.082
2024-07-24_B09MR4Z3H8,9.58
2024-07-24_B09X1HV1NL,8.46
2024-07-24_B09MR3Y296,-0.02866666666666668
2024-07-24_B09MR4B13C,9.34545238095238
2024-07-24_B0B31T1XMH,1.3321025641025637
2024-07-24_B0B31R1ZBV,6.920333333333333
2024-07-24_B0B31SVP2Q,0.0
2024-07-24_B0B31VFJ6Q,26.64
2024-07-24_B0B31Y1FDZ,2.766666666666666
2024-07-24_B0B69DK8JN,0.024857142857142852
2024-07-24_B0B69GN5KJ,0.4382619047619047
2024-07-24_B0BDRQWBK9,0.0
2024-07-24_B09MR3XT5G,30.7275
2024-07-24_B09X1F8C23,31.03
2024-07-24_B09KDN7PYR,7.207357142857141
2024-07-24_B0BGDX2Z3L,-14.517999999999999
2024-07-24_B0BRCXCXCV,15.55
2024-07-24_B0BNL64PBG,0.0
2024-07-24_B0BGDXV7FD,-0.36583333333333334
2024-07-24_B0BRCY8QMH,3.94
2024-07-24_B0BGDZLDX2,0.0
2024-07-24_B0BNKYW36G,0.15
2024-07-24_B0BNKZ5BR1,0.92
2024-07-24_B0BNKZBJX2,0.28
2024-07-24_B0BNL117VT,0.05566666666666666
2024-07-24_B0BNL4HPH9,0.0
2024-07-24_B0BRCYJ33N,3.04
2024-07-24_B0BNL5HYLR,0.11583333333333332
2024-07-24_B0BRCW2B64,10.21
2024-07-24_B0BRCXJRX6,10.83
2024-07-24_B0BRCXQRC9,2.97
2024-07-24_B0BRCXQMS5,12.44
2024-07-24_B0BRCXP7VN,5.26
2024-07-24_B0BRCXXBG2,6.06
2024-07-24_B0BRCXDHBX,20.22
2024-07-24_B0BG2PD396,69.66666666666666
2024-07-24_B0BRCW79VK,1.26
2024-07-24_B0BNL11QD8,0.0
2024-07-24_B0CQVLFPBQ,17.018666666666665
2024-07-24_B0BNL13PNY,0.51
2024-07-24_B0BGDXM13S,0.0
2024-07-24_B0CR49N6MQ,15.923666666666668
2024-07-24_B0BRCYK4JK,1.76
2024-07-24_B0BRCYQNSW,-0.6493333333333332
2024-07-24_B0BRCYV77T,15.3
2024-07-24_B0BRDCBGFD,0.0
2024-07-24_B0BRDCJWJC,0.0
2024-07-24_B0BSLTZV4Z,6.46
2024-07-24_B0C9JLKFPZ,0.40492857142857147
2024-07-24_B0CFV6V981,15.433666666666667
2024-07-24_B0CR49BQRS,15.428333333333333
2024-07-24_B0BSLVXHYJ,3.393333333333333
2024-07-24_B0BRCYJ4SR,0.03
2024-07-24_B0CY5QQ49F,17.018666666666665
2024-07-24_B0CR49NR3B,15.913666666666668
2024-07-24_B0CY5KFQBD,13.8045
2024-07-24_B0CR4C98FS,16.383666666666667
2024-07-24_B0CR4C5WXS,6.3
2024-07-24_B0CY5LR4VX,15.953666666666669
2024-07-24_B0CR4BGLK5,15.943666666666667
2024-07-24_B0CR4BG4ZW,10.72
2024-07-24_B0CR4BK4FW,4.625
2024-07-25_B09KDR64LT,0.0075
2024-07-25_B09KDVXTP4,1.3542380952380955
2024-07-25_B0BDRQWBK9,0.0
2024-07-25_B09KDLQ2GW,0.7586666666666667
2024-07-25_B09KDN7PYR,0.17
2024-07-25_B09KDNYCYR,-0.005
2024-07-25_B09KDPXYG3,0.11
2024-07-25_B09KDQ2BWY,4.85709126984127
2024-07-25_B09KDTHJ6V,2.0191010101010103
2024-07-25_B09KTFXX6L,7.03
2024-07-25_B09KDW1YKQ,0.6
2024-07-25_B09KTMLQ1N,34.24
2024-07-25_B09KDXJJ6W,1.2499761904761906
2024-07-25_B09KDZQJ6P,3.83
2024-07-25_B09KSXP3HN,40.72
2024-07-25_B09KSYL73R,16.46
2024-07-25_B09KT5HMNY,13.026666666666667
2024-07-25_B09KTF8ZDQ,15.076619047619044
2024-07-25_B09MR2FY5D,10.05
2024-07-25_B09KDTS4DC,4.07897619047619
2024-07-25_B09KDYY3SB,1.448452380952381
2024-07-25_B09KTJRHC7,26.026987179487186
2024-07-25_B0B31Y1FDZ,2.339817460317461
2024-07-25_B09MR4Z3H9,5.759011904761902
2024-07-25_B09MR5WS3Y,1.0005039682539685
2024-07-25_B09MR56Q9N,7.45
2024-07-25_B09MR3Y296,0.15566666666666668
2024-07-25_B09MR4Z3H8,3.608333333333333
2024-07-25_B09MR4D874,0.6267499999999999
2024-07-25_B09MR4B13C,22.81734848484848
2024-07-25_B09X1F1L26,1.2633333333333334
2024-07-25_B09MR3XT5G,27.76100000000001
2024-07-25_B09X1DHRLN,0.0
2024-07-25_B09X1JTK49,0.3460555555555556
2024-07-25_B09X1F8C23,36.03
2024-07-25_B09X1FWK8Z,0.06
2024-07-25_B09X1HV1NL,11.2
2024-07-25_B0B31R1ZBV,4.021484487734487
2024-07-25_B0B31SM3ZR,3.162924603174602
2024-07-25_B0B31T1XMH,0.7232142857142856
2024-07-25_B0B31VFJ6Q,24.66
2024-07-25_B09MR2MLZH,8.418571428571427
2024-07-25_B09MR3RSW8,2.331428571428571
2024-07-25_B09KTMKDKJ,1.5302380952380954
2024-07-25_B0B31VTH56,3.9998892496392493
2024-07-25_B0BRCYK4JK,6.71
2024-07-25_B0BNL13PNY,1.36
2024-07-25_B0BRCXQMS5,13.93
2024-07-25_B0BGDWGRQB,0.0
2024-07-25_B0BGDX2Z3L,-5.924833333333332
2024-07-25_B0BGDXM13S,0.0
2024-07-25_B0BGDXV7FD,0.0
2024-07-25_B0BNKYW36G,0.15
2024-07-25_B0BNKZ5BR1,0.08
2024-07-25_B0BNL11QD8,0.0
2024-07-25_B0BRCXQRC9,2.32
2024-07-25_B0BG2Z8CY4,2.0897222222222225
2024-07-25_B0BNL64PBG,0.0
2024-07-25_B0BRCW2B64,20.25
2024-07-25_B0BRCW79VK,1.26
2024-07-25_B0BRCXCXCV,0.14
2024-07-25_B0BRCXDHBX,17.94
2024-07-25_B0BRCXJRX6,1.7
2024-07-25_B0BRCXP7VN,3.2
2024-07-25_B0BNL5BKMK,0.19
2024-07-25_B0B69DD2C7,0.08083333333333333
2024-07-25_B0BNL4HPH9,0.0
2024-07-25_B0BG2PD396,66.65266666666666
2024-07-25_B0BNL117VT,0.01
2024-07-25_B0CY5QQ49F,2.4864761904761905
2024-07-25_B0BDRS6R5Z,0.01
2024-07-25_B0BRCY8QMH,4.02
2024-07-25_B0BRCXXBG2,6.61
2024-07-25_B0BRCYJ33N,3.02
2024-07-25_B0BRCYQNSW,-0.4646666666666668
2024-07-25_B0BRCYV77T,15.67
2024-07-25_B0BRDCBGFD,-0.02
2024-07-25_B0C9JLKFPZ,0.11316666666666665
2024-07-25_B0CFV6V981,1.03
2024-07-25_B0CQVLFPBQ,2.4864761904761905
2024-07-25_B0BRDCJWJC,0.0
2024-07-25_B0CR49N6MQ,3.51
2024-07-25_B0CY5LR4VX,2.4064761904761904
2024-07-25_B0CR49BQRS,10.138976190476193
2024-07-25_B0CR4C98FS,2.181476190476191
2024-07-25_B0CR4C5WXS,31.64
2024-07-25_B0CR4BK4FW,7.76
2024-07-25_B0CY5KFQBD,2.4864761904761905
2024-07-25_B0CR4BG4ZW,2.4664761904761905
2024-07-25_B0CR49NR3B,10.09397619047619
2024-07-25_B0CR4BGLK5,10.203976190476192
2024-07-26_B09KDTS4DC,4.7803571428571425
2024-07-26_B09KDXJJ6W,2.834126984126984
2024-07-26_B09KDLQ2GW,1.5281666666666667
2024-07-26_B09KDNYCYR,0.1819682539682539
2024-07-26_B09KDPXYG3,0.16
2024-07-26_B09KDQ2BWY,1.4254999999999993
2024-07-26_B09KDR64LT,0.24652813852813843
2024-07-26_B09KDTHJ6V,0.360494089244089
2024-07-26_B09KDVXTP4,0.20244696969696968
2024-07-26_B09KTMKDKJ,0.2624285714285714
2024-07-26_B0B69FBGN1,0.6834166666666667
2024-07-26_B09MR2FY5D,5.89
2024-07-26_B09KDZQJ6P,19.26309523809524
2024-07-26_B09KSXP3HN,25.17
2024-07-26_B09KSYL73R,17.8
2024-07-26_B09KT5HMNY,5.331173160173162
2024-07-26_B09KTF8ZDQ,6.934406204906203
2024-07-26_B09KTFXX6L,14.23
2024-07-26_B09KTJRHC7,14.469515873015872
2024-07-26_B09MR2MLZH,7.161179292929296
2024-07-26_B09KDW1YKQ,0.0
2024-07-26_B09KDYY3SB,2.0225000000000004
2024-07-26_B09MR3Y296,1.5736825396825396
2024-07-26_B09MR3RSW8,0.645563492063492
2024-07-26_B09KTMLQ1N,32.04
2024-07-26_B09X1F8C23,39.41
2024-07-26_B09MR4B13C,11.772507936507939
2024-07-26_B09MR4D874,0.39654076479076467
2024-07-26_B09MR4G722,1.174781746031746
2024-07-26_B09MR4Z3H8,5.454166666666667
2024-07-26_B09MR4Z3H9,2.370636363636363
2024-07-26_B09MR56Q9N,5.73
2024-07-26_B09MR5WS3Y,0.7681132756132754
2024-07-26_B09MR3XT5G,28.301833333333335
2024-07-26_B09X1DHRLN,0.19299295149295137
2024-07-26_B0B31T1XMH,0.12955844155844157
2024-07-26_B09X1HV1NL,12.9
2024-07-26_B09X1JTK49,1.1475714285714285
2024-07-26_B0B31R1ZBV,3.4222777777777775
2024-07-26_B0B31SM3ZR,1.2223015873015874
2024-07-26_B0B31VFJ6Q,18.43
2024-07-26_B0B31VTH56,1.0884047619047623
2024-07-26_B0B31Y1FDZ,2.3343571428571424
2024-07-26_B0B69C4GST,0.3850476190476191
2024-07-26_B09X1F1L26,5.027916666666667
2024-07-26_B0B69DK8JN,0.1
2024-07-26_B0B699PLXD,0.035
2024-07-26_B0B69SF1BT,4.626833333333334
2024-07-26_B0BRCXP7VN,2.39
2024-07-26_B0BG2PD396,11.738333333333335
2024-07-26_B0BG2T78CJ,1.9799761904761906
2024-07-26_B0BGDWGRQB,0.0
2024-07-26_B0BGDX2Z3L,-2.0066666666666664
2024-07-26_B0BGDXM13S,0.0
2024-07-26_B0BGDXV7FD,-1.341619047619048
2024-07-26_B0BNKYZD2Z,0.08
2024-07-26_B0BNKZ5BR1,0.0175
2024-07-26_B0BNL11QD8,0.0
2024-07-26_B0BRCYJ33N,2.69
2024-07-26_B0BNL3J36Z,0.0
2024-07-26_B0BNL4CB4X,0.01
2024-07-26_B0BNL5BKMK,0.02
2024-07-26_B0BRCW2B64,15.65
2024-07-26_B0BRCW79VK,1.12
2024-07-26_B0BRCXCXCV,8.75
2024-07-26_B0BRCXDHBX,23.28
2024-07-26_B0BRCXJRX6,1.09
2024-07-26_B0BNL424DV,0.01
2024-07-26_B0BDRS6R5Z,0.0
2024-07-26_B0BRCXQMS5,11.89
2024-07-26_B0BNKZ88Z5,0.01
2024-07-26_B0BRCXXBG2,6.92
2024-07-26_B0CY5QQ49F,9.858666666666666
2024-07-26_B0CR49BQRS,9.828666666666667
2024-07-26_B0BRCY8QMH,1.9
2024-07-26_B0BRCYJ4SR,0.03
2024-07-26_B0BRCYK4JK,11.96
2024-07-26_B0BRCYQNSW,-2.07
2024-07-26_B0BRDCBGFD,-0.01
2024-07-26_B0BRDCJWJC,2.205
2024-07-26_B0C9JLKFPZ,4.33
2024-07-26_B0CFV6V981,8.388333333333334
2024-07-26_B0BRCYV77T,3.6
2024-07-26_B0BRCXQRC9,15.22
2024-07-26_B0CR49NR3B,9.838666666666667
2024-07-26_B0CR4BG4ZW,3.170357142857142
2024-07-26_B0CR4BGLK5,2.72
2024-07-26_B0CR4BK4FW,2.0783333333333336
2024-07-26_B0CR4C5WXS,9.828666666666667
2024-07-26_B0CR4C98FS,3.005690476190475
2024-07-26_B0CY5KFQBD,3.1203571428571424
2024-07-26_B0CY5LR4VX,9.838666666666667
2024-07-26_B0CR49N6MQ,9.858666666666666
2024-07-26_B0BDRQWBK9,0.0
2024-07-27_B09KTMLQ1N,2.011785714285714
2024-07-27_B09KTMKDKJ,-0.1696190476190476
2024-07-27_B09KTJRHC7,9.616904761904761
2024-07-27_B09KTFXX6L,0.7336666666666666
2024-07-27_B09KDPXYG3,0.05
2024-07-27_B09KSXP3HN,0.00375
2024-07-27_B09KDZQJ6P,16.030404761904766
2024-07-27_B09KDYY3SB,1.5723253968253967
2024-07-27_B09MR2FY5D,6.545
2024-07-27_B09KSYL73R,0.7399920634920636
2024-07-27_B09KDLQ2GW,1.09
2024-07-27_B0BNKYZD2Z,0.03
2024-07-27_B09MR4Z3H8,5.0458333333333325
2024-07-27_B09MR56Q9N,-0.006666666666666666
2024-07-27_B09X1F1L26,1.4433333333333331
2024-07-27_B09X1F8C23,0.2548888888888889
2024-07-27_B09X1HV1NL,-0.006666666666666666
2024-07-27_B0B31VFJ6Q,0.4375
2024-07-27_B0BG2PD396,12.913333333333334
2024-07-27_B0BGDX2Z3L,-1.5546666666666666
2024-07-27_B0BGDXV7FD,0.03914285714285717
2024-07-27_B09MR3XT5G,22.192785714285716
2024-07-27_B09MR4B13C,7.511468253968253
2024-07-27_B0BNKZ88Z5,0.0
2024-07-27_B0BNL3J36Z,0.01
2024-07-27_B0BNL5BKMK,0.0
2024-07-27_B0BRCW2B64,0.55
2024-07-27_B0BRCYK4JK,1.1
2024-07-27_B0BRCYJ33N,2.66
2024-07-27_B0BRCXQRC9,12.31
2024-07-27_B0BRCW79VK,1.19
2024-07-27_B0BRCXJRX6,1.01
2024-07-27_B0BRCXDHBX,2.0
2024-07-27_B0BRCXCXCV,0.13
2024-07-27_B0BRCYV77T,5.107785714285714
2024-07-27_B0BRCXQMS5,0.11
2024-07-27_B0C9JLKFPZ,0.6090974025974025
2024-07-27_B0BRCYQNSW,-0.4966666666666667
2024-07-27_B0CR49BQRS,6.117460317460317
2024-07-27_B0CR49N6MQ,4.883829365079364
2024-07-27_B0CR49NR3B,28.49366666666667
2024-07-27_B0CR4BG4ZW,4.372996031746031
2024-07-27_B0CR4BGLK5,28.51366666666667
2024-07-27_B0CR4BK4FW,18.416999999999998
2024-07-27_B0CR4C5WXS,6.067460317460317
2024-07-27_B0CR4C98FS,6.077460317460317
2024-07-27_B0CY5KFQBD,6.117460317460317
2024-07-27_B0CY5QQ49F,6.137460317460317
2024-07-27_B0CFV6V981,1.46
2024-07-27_B0CY5LR4VX,4.522996031746031
2024-07-28_B0BNL3J36Z,0.17
2024-07-28_B09MR2FY5D,3.94
2024-07-28_B09KTMLQ1N,0.88
2024-07-28_B09KDYY3SB,1.0575
2024-07-28_B09KTFXX6L,0.305
2024-07-28_B09KSYL73R,0.7166666666666667
2024-07-28_B09KSXP3HN,0.225
2024-07-28_B09KDZQJ6P,10.381948412698412
2024-07-28_B09KTJRHC7,5.946666666666666
2024-07-28_B09MR3XT5G,21.91959523809524
2024-07-28_B0B31VFJ6Q,-0.8644231601731601
2024-07-28_B09X1F1L26,0.7594603174603172
2024-07-28_B09X1F8C23,0.5900277777777778
2024-07-28_B09X1HV1NL,0.37
2024-07-28_B0B31Y1FDZ,6.715166666666667
2024-07-28_B0BG2PD396,14.705
2024-07-28_B0BGDX2Z3L,-4.017333333333333
2024-07-28_B0BGDXV7FD,0.11166666666666668
2024-07-28_B0BNKYZD2Z,0.03
2024-07-28_B09MR4B13C,8.688916666666666
2024-07-28_B09KDPXYG3,0.11
2024-07-28_B09MR56Q9N,3.64
2024-07-28_B09KDLQ2GW,0.5738571428571428
2024-07-28_B0CR49N6MQ,2.05
2024-07-28_B09MR4Z3H8,10.75
2024-07-28_B0BRCYV77T,5.67197619047619
2024-07-28_B0BRCYK4JK,1.7241666666666666
2024-07-28_B0BRCYJ33N,2.53
2024-07-28_B0BRCW79VK,1.08
2024-07-28_B0BRCXQMS5,4.26
2024-07-28_B0BRCXJRX6,5.88
2024-07-28_B0BRCXDHBX,12.92
2024-07-28_B0BRCXCXCV,0.17
2024-07-28_B0BRCXQRC9,9.87
2024-07-28_B0C9JLKFPZ,0.01
2024-07-28_B0BNKZ88Z5,0.0
2024-07-28_B0CR4BG4ZW,2.05
2024-07-28_B0CR49NR3B,2.05
2024-07-28_B0CR4BGLK5,2.05
2024-07-28_B0CR4BK4FW,2.05
2024-07-28_B0CR4C5WXS,2.05
2024-07-28_B0CR4C98FS,2.05
2024-07-28_B0CY5KFQBD,2.05
2024-07-28_B0CY5LR4VX,28.198
2024-07-28_B0BRCW2B64,1.54
2024-07-28_B0CFV6V981,6.18
2024-07-28_B0BNL5BKMK,0.0
2024-07-28_B0CR49BQRS,6.16
2024-07-28_B0CY5QQ49F,6.15
